gender,SeniorCitizen,Partner,Dependents,tenure,PhoneService,MultipleLines,InternetService,OnlineSecurity,OnlineBackup,DeviceProtection,TechSupport,StreamingTV,StreamingMovies,Contract,PaperlessBilling,PaymentMethod,MonthlyCharges,TotalCharges,Churn
1,0,1,0,40,1,0,0,0,2,0,0,2,0,0,1,3,84.04,3363.85,0
1,0,0,1,47,1,0,0,0,0,2,0,2,0,0,1,2,81.89,3849.85,1
1,1,0,0,42,1,0,1,0,0,2,2,0,0,0,0,2,54.44,2304.27,1
0,0,0,0,5,1,0,1,0,2,0,0,2,0,1,1,1,73.67,377.89,1
1,0,1,0,19,1,2,1,2,0,0,0,0,0,2,1,0,55.33,1067.45,0
0,0,0,0,21,1,2,1,2,2,0,0,2,2,2,0,3,89.52,1893.43,1
0,0,1,1,17,1,0,2,1,1,1,1,1,1,0,0,3,29.92,540.02,1
0,0,1,1,70,1,0,1,2,2,0,0,0,0,0,0,2,62.36,4360.52,1
1,0,1,0,43,1,0,1,0,0,0,2,0,0,0,1,3,60.22,2593.97,1
0,0,1,0,25,1,0,1,0,0,2,0,0,0,2,1,0,49.12,1225.94,0
0,0,0,0,10,1,0,0,0,2,0,0,0,0,0,1,1,66.73,682.13,1
0,1,1,0,46,1,0,1,0,2,0,2,0,2,0,1,2,82.88,3789.27,1
0,0,0,0,25,1,0,0,0,0,0,2,0,2,0,1,2,89.52,2256.97,1
1,1,0,0,0,1,0,0,2,0,0,0,2,0,0,0,3,89.02,0.0,1
0,0,0,1,59,1,0,1,0,0,0,0,0,2,2,0,2,58.49,3481.04,0
0,0,0,1,54,1,0,0,0,0,0,0,0,0,1,0,2,77.44,4184.62,0
1,0,0,0,0,1,0,0,0,0,2,0,0,0,0,1,2,62.83,0.0,1
1,0,1,1,57,1,0,1,0,0,0,0,0,0,0,1,0,59.23,3383.05,1
1,0,0,0,29,1,0,2,1,1,1,1,1,1,0,0,3,28.13,818.22,1
1,0,1,1,1,1,2,1,0,0,0,0,0,2,1,0,1,80.37,69.48,0
0,0,1,0,48,1,2,0,2,2,2,0,0,0,0,1,1,56.23,2692.05,1
1,0,0,1,7,1,2,0,0,0,0,0,2,0,0,0,2,84.29,599.39,1
0,0,0,0,46,1,0,0,0,0,0,0,2,2,0,0,3,69.91,3207.0,1
0,0,1,1,35,1,0,0,0,0,0,0,0,0,0,0,2,71.74,2525.19,0
1,0,0,1,14,1,0,1,2,2,2,0,2,0,2,1,3,91.85,1288.26,0
0,0,0,0,36,1,0,2,1,1,1,1,1,1,0,0,3,27.28,965.34,0
1,0,0,0,65,1,2,0,2,0,2,0,0,0,0,1,2,61.51,3991.19,1
1,1,1,0,59,1,2,0,0,0,0,0,0,2,0,1,0,79.21,4666.62,0
0,1,1,1,61,1,0,1,2,2,0,0,2,0,2,0,0,70.73,4293.24,0
0,0,0,1,55,1,2,0,0,0,0,0,0,2,2,1,0,85.85,4723.34,0
1,0,0,0,51,1,2,1,2,0,2,0,0,2,2,0,1,70.21,3594.44,0
1,0,0,0,6,1,2,1,0,2,0,0,0,2,0,1,0,66.99,409.44,1
1,0,1,0,68,1,0,1,0,0,0,2,0,0,0,1,3,60.4,4089.59,1
0,0,0,0,41,1,2,2,1,1,1,1,1,1,2,0,3,27.02,1128.21,0
1,0,0,1,13,1,2,0,2,0,0,0,0,0,0,1,1,80.82,1039.59,1
1,1,0,0,15,1,2,2,1,1,1,1,1,1,0,1,1,29.02,415.03,0
0,1,1,0,70,1,2,1,0,0,2,2,2,0,2,0,0,84.2,5901.27,0
1,0,0,0,34,1,0,0,0,0,2,2,0,0,0,1,1,72.82,2488.07,0
0,0,0,0,41,1,2,0,0,2,0,0,0,0,1,0,3,52.86,2169.97,1
0,0,0,1,53,1,2,0,2,2,0,2,2,0,1,0,1,65.89,3498.89,0
1,1,0,0,25,1,2,2,1,1,1,1,1,1,2,1,2,27.83,694.87,0
0,0,0,0,41,0,1,0,2,2,0,2,0,0,1,0,2,70.16,2864.87,1
0,0,0,0,0,1,2,2,1,1,1,1,1,1,2,1,3,31.68,10.92,0
0,0,0,1,36,1,0,0,0,2,2,2,0,2,0,1,2,68.49,2466.93,1
1,0,0,0,64,1,0,0,0,0,0,0,0,2,2,1,3,64.52,4118.98,0
0,1,0,1,41,1,0,0,0,2,2,0,0,2,0,1,3,67.04,2751.34,0
1,0,1,1,45,1,0,1,0,0,0,0,0,2,0,1,1,70.16,3167.01,0
1,0,0,0,48,1,0,1,2,0,0,2,2,0,0,0,0,76.62,3691.63,0
0,0,0,0,7,1,0,1,2,0,2,0,2,0,0,1,2,75.65,533.17,1
0,1,0,0,67,1,2,0,0,0,0,2,2,0,0,1,1,65.4,4403.34,1
1,0,0,0,44,1,0,2,1,1,1,1,1,1,0,1,2,26.37,1173.43,0
1,0,1,0,29,1,2,1,0,2,0,0,2,0,0,0,1,67.46,1980.7,0
0,0,0,0,48,1,2,1,0,2,0,0,2,2,0,1,2,84.51,4047.54,1
0,0,1,0,30,1,0,1,0,2,0,2,2,2,1,1,3,71.95,2149.97,1
0,0,1,0,23,1,0,2,1,1,1,1,1,1,2,1,3,24.95,557.11,0
1,0,0,0,54,1,2,0,2,2,0,2,2,2,1,1,1,66.2,3621.31,0
1,0,1,0,7,1,0,1,2,0,0,0,2,0,2,1,2,77.98,542.28,0
0,1,1,0,27,1,0,0,0,2,2,0,2,2,0,0,0,76.35,2065.16,0
1,0,1,0,25,1,2,2,1,1,1,1,1,1,2,0,3,33.06,825.41,0
0,1,1,0,4,1,0,1,0,0,0,0,2,0,0,1,3,70.68,302.87,0
1,0,1,1,46,1,2,1,0,0,2,0,2,0,2,1,2,87.05,4025.26,0
1,0,0,0,39,1,2,1,0,0,2,2,2,0,1,0,1,84.13,3263.51,0
1,0,0,0,23,1,0,1,0,2,0,0,0,0,0,1,1,59.76,1390.41,1
0,0,1,0,70,1,0,1,0,2,2,0,0,0,0,1,0,60.71,4230.09,1
0,0,1,0,66,1,0,0,2,2,0,0,0,0,0,1,2,73.34,4857.49,0
1,0,1,0,14,0,1,2,1,1,1,1,1,1,0,0,2,18.25,285.63,0
0,0,1,0,8,1,0,0,0,0,0,2,0,2,0,1,2,94.31,774.95,1
1,1,0,1,62,1,0,1,2,0,0,0,2,2,2,1,3,79.03,4890.35,0
0,0,1,0,42,1,0,2,1,1,1,1,1,1,2,1,2,24.12,1008.54,0
1,0,1,0,11,1,2,0,2,0,0,0,0,2,2,1,0,86.04,966.51,0
1,0,1,1,50,1,0,0,0,2,0,0,0,0,0,0,2,81.42,4078.12,0
0,0,1,0,9,1,0,1,0,0,0,0,0,2,0,1,3,66.51,621.11,1
0,0,0,0,42,1,0,0,2,2,0,2,0,2,2,1,2,74.21,3128.48,0
1,0,1,1,15,1,0,2,1,1,1,1,1,1,1,1,0,30.38,459.15,0
0,1,0,0,35,1,2,1,0,0,2,0,0,0,1,0,1,79.53,2788.71,1
1,0,1,0,45,0,1,0,2,0,2,2,2,0,0,1,2,70.84,3188.8,0
1,1,1,0,38,1,2,1,0,0,0,0,2,2,0,1,2,100.3,3814.92,1
0,0,1,0,66,1,0,2,1,1,1,1,1,1,0,1,3,25.47,1672.78,0
1,0,1,0,7,1,2,1,0,0,2,2,2,0,0,1,2,67.81,448.08,1
0,0,0,0,29,0,1,1,0,2,0,0,0,0,2,0,2,64.72,1866.3,0
1,0,0,0,57,1,0,1,0,2,0,2,0,0,2,1,2,69.89,3996.19,0
0,0,0,0,21,1,0,1,0,0,0,0,2,0,0,0,2,88.41,1868.95,1
0,0,0,0,56,1,2,1,0,0,2,0,0,0,0,1,3,70.28,3944.65,0
0,1,0,1,55,1,0,1,2,0,2,0,2,0,0,1,2,75.63,4170.47,0
0,0,1,0,71,1,2,2,1,1,1,1,1,1,0,1,0,29.34,2076.9,0
0,0,0,0,61,1,2,1,0,0,2,0,0,0,0,0,2,76.28,4686.9,1
0,0,1,1,2,1,2,0,0,0,2,2,0,2,2,1,2,54.87,131.08,0
1,0,0,1,58,1,2,2,1,1,1,1,1,1,0,0,0,24.05,1393.12,0
0,0,0,1,19,1,0,2,1,1,1,1,1,1,0,1,3,27.08,510.04,0
0,1,0,1,31,1,2,1,0,0,0,0,0,0,0,1,2,55.6,1733.04,1
0,0,0,0,31,1,0,2,1,1,1,1,1,1,1,1,2,32.29,993.09,0
0,1,0,0,22,1,2,2,1,1,1,1,1,1,2,1,3,28.38,627.15,0
0,0,1,0,38,1,2,1,2,2,2,0,0,0,0,1,2,76.01,2880.11,1
0,0,1,0,14,1,0,1,0,0,2,2,0,0,1,1,3,58.59,826.43,0
1,0,1,0,42,1,0,2,1,1,1,1,1,1,0,0,1,28.76,1201.12,0
0,0,1,1,54,1,0,0,0,2,0,0,0,2,2,0,2,65.1,3506.19,0
1,0,0,0,5,1,0,1,2,0,0,2,0,2,2,1,2,59.04,314.36,0
0,0,0,1,50,1,2,1,2,2,2,0,2,2,1,1,2,76.14,3808.49,1
1,1,0,1,72,1,0,0,0,2,0,0,0,0,2,1,3,64.24,4632.95,0
0,0,1,1,42,1,2,1,0,0,2,0,0,0,2,1,2,52.97,2201.32,0
0,0,0,1,23,1,2,0,0,0,0,0,2,0,2,0,0,71.47,1667.26,0
1,0,0,0,39,1,2,0,0,2,2,0,0,2,1,1,0,84.95,3344.15,1
1,0,0,0,62,0,1,0,2,0,0,0,0,0,0,0,2,51.33,3172.48,0
0,0,1,1,48,1,2,0,0,0,0,0,0,0,0,1,1,75.05,3622.68,0
1,0,0,0,6,1,0,1,0,0,0,2,0,2,0,1,0,72.89,432.89,1
1,0,1,0,71,1,0,0,2,0,0,2,0,0,2,1,1,83.48,5921.52,0
0,0,0,0,68,1,2,1,0,2,0,0,0,0,0,1,3,55.74,3768.87,0
1,0,1,1,34,0,1,1,0,0,0,0,0,0,0,0,3,64.31,2199.89,1
1,0,0,0,63,1,2,1,0,0,2,2,0,2,0,1,3,81.85,5173.93,1
0,0,1,1,67,1,0,0,0,0,0,0,0,0,0,0,3,84.3,5662.44,1
1,0,1,0,20,0,1,0,0,2,2,2,0,2,0,0,2,75.29,1493.04,1
0,0,1,0,48,1,0,2,1,1,1,1,1,1,0,0,3,23.37,1112.48,0
0,0,1,0,63,1,0,0,0,2,0,0,2,0,2,1,2,79.52,4983.64,0
0,0,0,0,34,1,2,1,0,2,0,2,0,2,1,1,0,71.46,2431.52,0
0,1,1,0,51,1,2,2,1,1,1,1,1,1,2,1,0,23.8,1212.04,0
0,0,0,0,52,1,2,0,0,0,0,2,2,0,0,0,3,85.73,4428.25,0
0,0,1,0,5,1,2,1,0,0,2,0,0,0,2,1,3,63.61,329.36,0
1,0,0,0,55,0,1,0,0,0,2,0,2,0,0,0,0,57.95,3182.6,0
0,1,1,0,38,0,1,0,0,2,2,0,0,2,0,1,0,57.14,2180.06,0
0,0,0,1,16,0,1,1,0,0,0,0,0,2,0,1,2,52.79,853.49,1
0,0,0,1,65,1,0,1,0,2,2,2,2,0,1,1,3,54.56,3562.38,0
1,0,0,0,12,0,1,0,0,2,0,0,2,2,0,0,2,83.45,1023.65,1
0,1,1,0,52,1,2,1,0,0,0,0,0,0,2,0,1,57.19,2992.65,0
1,0,0,0,60,1,0,1,2,2,2,0,0,2,0,1,0,93.14,5561.06,1
1,0,1,1,52,1,2,0,0,2,0,0,2,2,0,1,2,81.05,4209.79,0
1,1,0,1,15,1,2,0,2,0,0,0,0,2,0,0,3,81.84,1230.31,0
1,0,0,1,56,1,0,0,0,2,0,0,0,2,2,0,2,71.07,3968.74,0
1,0,1,1,13,1,2,2,1,1,1,1,1,1,0,1,1,31.72,405.76,0
0,0,0,0,1,1,0,1,2,0,0,0,0,0,0,1,3,47.99,34.25,1
1,0,0,1,35,1,2,2,1,1,1,1,1,1,0,1,2,32.79,1161.83,1
1,0,1,1,48,1,2,0,2,0,2,2,0,0,1,0,1,66.57,3183.72,0
0,0,1,0,47,1,2,0,0,0,0,2,2,2,0,1,1,93.27,4368.85,0
0,0,1,0,67,1,2,2,1,1,1,1,1,1,1,1,3,23.69,1589.63,0
0,0,1,1,10,1,0,0,0,0,0,0,0,2,0,1,2,70.83,707.87,1
0,0,0,1,26,1,0,1,0,2,2,2,2,2,0,0,2,72.55,1885.92,0
0,0,0,0,28,1,2,0,2,0,0,2,2,0,0,1,3,83.86,2350.73,1
0,0,0,1,16,1,2,0,2,0,0,0,0,0,2,1,0,73.84,1198.81,0
1,0,0,0,63,1,0,1,0,2,2,0,0,2,0,1,0,81.33,5114.09,0
0,1,0,0,64,1,2,1,0,0,0,0,2,0,0,1,1,67.35,4308.12,1
0,0,0,0,27,1,2,1,0,2,0,0,0,0,1,1,1,76.85,2063.9,1
1,0,0,0,56,1,0,1,0,2,0,0,2,2,2,1,2,88.26,4950.06,1
1,0,1,1,39,1,2,2,1,1,1,1,1,1,0,0,2,25.6,1003.32,1
1,0,0,1,12,1,0,2,1,1,1,1,1,1,0,1,3,28.45,349.24,1
1,0,0,1,37,1,0,0,2,0,0,0,2,0,2,1,3,86.65,3174.29,0
0,0,0,1,59,1,0,1,0,2,0,0,2,2,1,0,2,87.0,5127.99,1
1,0,0,0,62,1,0,1,0,0,0,0,0,0,2,1,1,64.96,4034.84,0
1,0,0,0,25,1,0,0,0,0,0,0,0,0,0,0,0,76.17,1909.67,1
0,0,1,0,23,1,2,0,0,0,0,2,2,0,1,0,1,86.8,1981.77,0
1,0,1,0,47,1,2,2,1,1,1,1,1,1,2,1,2,30.16,1420.14,0
0,0,0,0,21,1,2,1,0,0,0,0,0,0,0,1,0,55.07,1127.68,1
1,0,1,0,26,1,2,1,0,0,0,2,0,0,0,1,1,59.91,1554.43,0
0,0,1,0,55,1,2,0,0,0,2,0,2,0,0,1,2,90.29,4961.29,1
0,1,1,0,41,1,2,1,0,0,2,2,2,0,2,1,1,58.77,2414.52,0
0,0,1,0,51,0,1,1,0,2,2,2,2,0,0,1,0,55.34,2856.92,0
0,0,1,0,46,1,0,1,2,2,2,0,0,0,1,0,0,76.41,3511.51,0
1,0,1,0,43,1,0,1,2,2,2,0,2,0,0,0,3,87.69,3750.35,1
0,0,1,0,14,1,2,2,1,1,1,1,1,1,2,0,1,23.85,317.57,0
0,0,1,0,32,1,2,1,0,2,0,0,0,2,1,1,1,86.89,2781.3,0
1,0,1,0,2,1,2,0,0,0,2,0,2,2,0,1,3,74.21,161.25,1
1,0,0,1,58,1,0,1,0,0,0,2,0,0,0,1,2,60.8,3496.85,0
1,0,1,0,46,1,0,0,0,0,2,0,2,0,2,1,1,68.24,3147.84,0
1,0,1,0,19,0,1,2,1,1,1,1,1,1,0,0,3,18.25,350.07,0
0,0,0,1,45,0,1,2,1,1,1,1,1,1,2,1,1,18.25,819.83,0
0,1,0,1,20,1,0,1,0,0,0,0,0,0,0,0,3,63.83,1302.34,0
0,0,0,0,55,1,2,0,0,0,2,0,0,2,2,0,1,77.39,4239.56,0
1,0,0,0,26,1,2,0,0,0,0,0,0,2,2,1,0,60.76,1619.88,0
1,0,0,0,13,1,0,0,2,2,0,0,0,2,2,1,0,75.73,970.12,0
0,0,0,1,14,1,2,2,1,1,1,1,1,1,1,0,2,25.72,364.98,0
1,0,0,0,37,1,0,1,0,0,0,0,2,0,2,1,3,86.94,3240.45,0
0,0,0,0,18,1,0,1,2,0,2,2,0,0,0,1,3,55.25,988.71,0
1,0,0,1,25,1,0,1,0,0,0,0,2,0,0,1,3,59.36,1467.71,0
0,0,1,0,27,0,1,0,0,0,2,2,0,2,2,0,2,54.25,1494.81,0
1,0,0,1,36,1,2,1,2,0,2,0,2,2,0,1,2,72.83,2588.61,1
0,0,0,1,53,1,2,1,0,0,0,0,0,2,1,1,0,63.06,3345.57,1
0,0,0,1,24,1,2,1,0,0,0,0,0,0,0,1,0,87.42,2086.69,1
1,0,0,1,20,0,1,2,1,1,1,1,1,1,0,0,2,18.25,375.67,1
0,0,0,0,49,1,2,0,0,2,0,2,0,2,0,0,2,75.64,3691.46,1
0,0,0,0,8,1,2,0,0,0,0,0,2,2,1,0,3,78.64,627.05,0
0,0,1,0,20,1,0,1,0,2,0,0,0,0,0,1,3,75.75,1486.8,1
0,0,1,1,49,1,2,0,0,0,0,0,0,0,1,0,0,71.55,3508.43,0
1,0,0,0,67,1,0,0,0,2,0,0,2,2,2,1,1,84.6,5654.46,0
0,0,1,1,31,1,0,2,1,1,1,1,1,1,0,1,2,31.21,944.33,0
1,0,0,0,32,1,0,0,2,2,0,0,0,0,0,1,3,52.14,1645.16,1
1,0,1,0,38,1,0,1,0,0,0,0,0,2,0,0,2,83.1,3147.56,1
1,0,0,1,17,1,0,1,2,2,2,0,0,0,2,1,1,84.74,1445.64,0
1,0,1,0,31,1,0,0,2,0,0,0,2,0,2,1,2,83.55,2614.03,0
0,0,1,0,56,1,2,0,0,0,0,2,0,0,1,0,2,56.15,3136.57,0
0,0,1,1,14,1,2,1,2,0,0,0,2,0,2,1,3,86.38,1228.18,0
1,0,0,1,39,1,2,1,0,2,0,0,0,0,1,1,3,73.54,2881.74,1
0,0,0,0,64,1,0,2,1,1,1,1,1,1,0,1,2,27.05,1719.08,0
0,0,1,1,39,1,0,0,0,0,0,0,0,2,0,1,2,64.42,2486.7,1
0,0,1,0,20,1,0,0,0,0,0,2,0,0,2,1,1,52.8,1027.04,0
1,0,0,0,63,1,0,1,0,0,0,0,0,0,1,0,3,83.08,5244.88,0
0,1,0,0,10,1,2,0,0,0,0,2,0,0,2,1,0,51.97,533.58,0
1,0,1,0,65,1,2,2,1,1,1,1,1,1,0,1,0,28.25,1842.86,0
1,1,0,0,7,0,1,0,2,0,0,2,0,0,0,0,1,69.72,480.17,1
1,1,0,1,50,0,1,1,0,2,2,2,0,0,0,1,2,50.39,2516.57,1
0,0,1,0,1,1,2,1,0,0,0,0,0,2,1,0,2,88.94,104.31,1
0,0,1,0,62,1,2,1,0,2,2,0,0,0,0,0,2,64.24,3986.76,1
0,0,0,0,40,1,0,1,0,0,0,0,0,0,0,1,2,79.69,3204.02,1
1,0,0,0,0,1,2,2,1,1,1,1,1,1,1,1,1,31.53,0.0,0
1,0,1,1,48,1,2,1,0,2,2,0,0,0,1,1,0,78.52,3774.98,1
1,0,0,0,51,1,0,0,0,2,0,0,2,0,0,1,2,80.88,4147.37,0
0,0,0,0,22,1,0,0,0,0,2,0,2,2,1,1,0,93.81,2053.71,0
1,1,1,0,11,1,2,2,1,1,1,1,1,1,1,1,2,27.0,287.27,1
0,0,0,0,29,1,2,0,0,2,0,0,0,2,0,0,2,67.05,1947.44,0
0,0,0,0,24,1,2,0,0,0,0,0,0,0,0,0,1,74.54,1798.4,0
0,0,1,0,2,0,1,2,1,1,1,1,1,1,2,1,2,18.25,42.5,0
1,0,0,1,2,1,0,2,1,1,1,1,1,1,0,1,0,29.99,63.76,1
1,0,0,0,20,0,1,1,0,0,2,2,0,0,2,1,2,40.6,794.79,1
1,0,1,0,27,1,2,1,0,0,0,0,2,0,0,1,2,55.93,1518.86,0
0,0,1,0,49,1,2,2,1,1,1,1,1,1,2,0,2,27.5,1332.57,0
1,0,0,0,72,1,0,2,1,1,1,1,1,1,0,1,0,30.23,2172.04,0
0,1,1,1,60,1,0,0,2,2,0,0,2,0,0,1,1,83.56,5027.07,0
1,1,1,0,70,1,0,1,0,0,2,0,0,0,1,1,0,52.5,3658.51,0
1,0,0,0,5,1,2,0,0,0,0,0,0,2,2,1,1,95.46,480.29,1
0,1,1,0,13,1,2,0,0,0,0,0,0,0,2,1,2,54.47,700.22,0
1,1,1,0,32,1,2,1,0,0,0,0,0,0,1,1,0,81.27,2597.66,0
0,0,0,1,28,1,0,0,0,0,2,0,0,0,0,1,0,64.72,1819.01,1
1,0,0,1,44,1,0,1,0,0,0,0,0,0,2,1,1,62.83,2773.33,1
0,0,1,0,27,1,0,2,1,1,1,1,1,1,1,0,1,32.27,886.52,0
1,0,0,1,45,1,2,1,0,0,0,0,0,0,0,0,3,69.59,3126.25,0
1,0,0,0,6,1,2,0,0,0,0,2,0,0,1,0,3,78.54,489.59,1
0,0,1,0,47,1,0,2,1,1,1,1,1,1,2,1,2,25.49,1206.66,0
1,0,0,0,37,1,0,0,2,0,0,0,0,0,2,1,2,47.72,1767.54,0
1,1,1,0,6,1,0,1,0,2,2,0,0,0,0,0,3,51.0,278.63,0
0,0,1,1,30,1,2,1,0,0,0,2,0,0,0,1,0,47.39,1425.54,0
0,0,1,1,70,1,0,1,0,0,0,2,2,0,0,1,2,57.61,4035.0,0
1,0,1,1,63,1,2,2,1,1,1,1,1,1,2,1,0,32.26,1997.98,0
0,0,0,0,61,0,1,0,0,0,2,0,2,2,1,0,0,88.79,5411.68,1
0,0,0,0,16,1,0,2,1,1,1,1,1,1,0,1,3,33.01,518.3,1
1,0,1,0,65,1,0,1,0,0,0,0,0,2,0,1,0,66.39,4296.53,0
0,0,0,0,44,1,2,2,1,1,1,1,1,1,1,1,2,26.77,1200.56,1
1,0,1,1,30,1,2,1,2,0,2,0,2,0,0,1,2,75.82,2285.75,1
1,0,1,0,30,1,0,2,1,1,1,1,1,1,1,1,0,26.74,802.25,0
0,0,0,0,54,1,2,1,2,0,2,0,2,2,2,0,2,97.82,5297.83,0
0,0,0,0,17,1,0,2,1,1,1,1,1,1,0,1,3,23.32,399.41,0
1,0,1,1,48,0,1,0,0,0,0,2,0,0,0,1,3,61.68,2975.92,1
1,1,0,1,54,1,2,2,1,1,1,1,1,1,0,0,3,26.76,1460.78,0
0,0,1,0,48,1,2,1,2,2,0,0,0,2,2,1,2,65.22,3142.21,1
1,0,1,0,66,1,0,2,1,1,1,1,1,1,0,1,1,31.73,2068.4,0
1,0,0,0,48,1,0,1,2,0,0,2,0,2,0,0,1,64.76,3115.89,0
1,0,0,1,15,1,0,0,0,0,2,0,0,0,1,0,2,73.01,1115.56,0
0,1,1,0,7,0,1,2,1,1,1,1,1,1,0,0,1,18.25,108.81,1
0,0,0,0,13,0,1,0,0,2,2,0,2,0,1,1,2,58.82,772.51,0
0,0,1,0,50,1,2,0,0,2,0,2,0,0,0,1,3,45.13,2245.08,0
1,0,0,0,7,1,0,1,0,2,2,2,0,0,0,1,0,72.66,496.15,1
1,0,1,0,43,1,2,0,0,0,0,2,0,0,0,0,0,54.54,2354.3,0
1,0,1,0,13,1,0,0,2,0,0,0,0,2,0,1,2,59.23,763.4,0
1,0,0,0,70,1,2,1,0,2,0,0,0,0,0,1,3,62.9,4411.84,0
1,0,0,0,24,1,0,1,2,0,0,2,0,2,0,1,1,75.0,1810.66,1
1,0,0,0,8,1,2,2,1,1,1,1,1,1,0,1,0,27.8,232.77,1
1,0,0,1,35,1,0,1,2,0,0,0,2,0,0,1,3,91.03,3198.41,1
0,0,0,0,52,1,0,1,0,0,0,2,0,2,2,0,0,86.67,4499.41,0
0,0,0,0,70,0,1,2,1,1,1,1,1,1,2,0,2,18.25,1273.92,0
0,0,0,1,1,1,0,0,0,2,2,0,2,0,1,0,1,63.05,61.7,0
1,0,1,0,64,1,2,1,2,0,2,0,0,0,0,0,2,83.09,5308.61,0
1,1,1,0,41,1,0,0,2,0,2,2,2,0,2,1,2,69.47,2837.5,0
0,0,1,1,56,1,0,0,0,0,2,2,0,2,2,0,2,58.66,3280.85,0
1,0,0,1,26,1,0,1,0,2,0,0,2,2,0,0,2,102.64,2677.18,1
1,0,1,1,59,1,2,0,2,2,0,0,2,0,2,0,3,59.2,3487.87,0
1,0,1,0,71,1,0,0,0,0,0,2,2,0,2,1,0,69.22,4899.06,0
1,0,1,0,42,0,1,1,0,0,2,0,0,2,0,1,3,72.84,3061.15,0
1,0,1,0,45,1,0,0,0,0,0,0,2,0,1,1,1,81.86,3669.69,0
1,0,1,0,24,1,2,1,0,2,2,0,0,0,0,1,3,58.49,1408.11,1
0,0,1,0,33,1,0,0,0,0,2,0,2,0,0,1,3,80.7,2656.27,1
1,0,0,0,59,1,2,1,0,2,0,0,0,0,2,1,0,49.51,2896.01,0
0,0,0,0,16,1,2,0,2,2,2,0,0,2,1,1,2,67.68,1075.61,0
1,0,0,0,27,1,2,2,1,1,1,1,1,1,0,0,3,26.08,711.9,0
0,1,0,0,3,1,2,2,1,1,1,1,1,1,0,1,0,23.38,65.83,1
0,0,0,0,62,1,2,1,0,2,0,0,2,0,1,1,0,60.71,3758.4,0
1,0,0,0,56,1,0,1,0,0,2,2,0,0,0,1,0,53.32,2971.86,1
0,0,1,0,33,1,0,0,0,0,2,0,0,2,1,1,3,78.37,2601.93,0
0,0,0,1,23,1,2,1,0,2,0,0,0,0,2,0,0,79.07,1830.34,0
1,0,1,0,23,1,2,1,0,2,0,0,2,0,2,1,0,70.24,1627.57,0
0,0,1,1,1,1,0,1,0,0,0,0,0,0,0,1,0,73.85,86.01,1
0,0,1,0,12,0,1,1,0,0,0,2,2,0,0,1,0,70.78,833.11,1
1,1,1,0,62,0,1,1,2,2,0,0,2,2,0,1,2,78.05,4841.59,0
0,0,0,1,16,1,2,1,0,0,2,0,2,0,1,0,0,61.27,985.21,0
0,0,0,0,51,1,2,0,0,2,0,0,0,0,0,1,3,49.41,2507.67,0
0,0,0,1,50,1,0,1,0,2,2,2,0,0,0,1,0,74.47,3722.12,0
0,0,1,1,39,0,1,0,0,0,2,2,0,0,0,1,1,56.99,2204.11,0
0,1,1,0,19,1,0,2,1,1,1,1,1,1,0,1,2,29.69,580.73,1
0,0,1,0,12,0,1,0,2,0,0,0,2,0,2,0,2,63.9,775.53,0
1,0,0,0,70,1,0,0,0,2,0,2,2,0,2,1,3,69.46,4841.97,0
0,0,0,0,49,1,0,1,0,0,2,2,0,0,0,0,2,84.33,4127.9,0
1,0,1,0,7,1,2,0,0,0,2,0,0,0,0,1,2,68.72,475.17,1
0,0,0,0,1,1,0,0,2,2,0,0,0,2,0,1,0,74.81,85.07,1
1,0,1,0,51,0,1,1,2,0,0,0,0,0,0,0,0,42.19,2158.9,1
1,0,1,0,62,1,2,2,1,1,1,1,1,1,2,0,1,26.19,1614.3,0
1,0,0,0,58,1,0,2,1,1,1,1,1,1,2,0,3,30.34,1743.68,0
1,0,0,0,16,1,0,2,1,1,1,1,1,1,0,1,3,29.04,462.9,1
1,0,1,1,9,1,0,2,1,1,1,1,1,1,1,1,3,28.04,245.92,0
0,0,1,0,26,1,0,0,2,0,0,0,0,0,1,1,1,77.72,1996.13,0
0,0,0,0,23,1,0,1,0,0,0,0,0,2,0,0,3,64.71,1482.99,1
1,1,1,0,34,1,2,0,0,0,2,2,2,2,1,0,0,100.49,3432.89,0
0,1,1,1,36,1,0,1,0,0,0,0,0,2,0,0,2,82.51,2966.3,1
1,0,0,1,2,1,0,2,1,1,1,1,1,1,0,1,1,25.63,58.53,0
1,0,0,0,33,1,2,0,0,0,0,0,0,2,2,1,2,90.11,2996.16,0
1,0,0,0,18,0,1,2,1,1,1,1,1,1,0,0,1,18.25,315.39,0
1,0,0,1,47,1,2,0,0,2,0,2,0,2,1,1,3,74.32,3522.15,0
0,0,0,1,23,1,2,1,0,0,2,0,0,0,1,1,1,74.15,1708.81,1
0,0,0,1,23,1,0,1,0,0,0,2,2,0,0,0,3,87.02,1996.86,1
1,1,0,0,50,1,0,0,0,0,2,0,2,2,1,0,2,95.49,4775.83,0
1,0,0,0,42,0,1,1,0,2,2,0,0,2,0,1,2,71.12,2996.72,1
0,0,1,0,39,1,2,1,0,2,2,0,0,0,1,1,3,72.18,2822.63,1
1,0,0,0,29,1,2,0,2,0,0,0,0,2,0,0,2,80.76,2331.73,1
0,0,0,1,17,1,0,1,0,2,0,2,0,2,1,1,3,87.62,1494.89,0
1,0,0,1,30,1,2,0,0,2,0,2,0,0,0,0,3,48.89,1454.55,1
1,0,0,0,41,0,1,2,1,1,1,1,1,1,0,1,3,18.25,749.87,0
1,0,0,0,42,1,0,1,2,0,0,0,0,2,0,0,0,61.41,2584.95,1
1,0,0,0,58,0,1,1,0,0,2,0,2,2,0,0,2,88.85,5149.72,1
0,0,0,1,49,1,2,1,0,0,0,0,2,2,1,0,1,87.27,4265.89,0
1,0,1,1,9,1,0,1,2,0,0,2,2,2,2,1,2,103.87,944.46,0
0,0,0,0,72,1,2,1,2,0,0,2,0,0,0,0,2,49.23,3580.36,1
0,0,1,0,5,1,0,1,0,0,0,0,0,0,0,1,3,55.37,280.54,1
1,0,0,0,10,1,0,0,2,0,0,0,0,0,0,1,2,54.28,563.87,1
1,0,0,0,21,1,0,0,0,2,0,2,2,0,0,1,3,66.0,1401.71,1
1,0,1,0,6,1,0,0,2,2,0,0,0,2,1,1,2,83.65,510.51,0
1,0,0,0,54,1,2,1,0,0,0,0,0,2,0,0,0,63.67,3448.8,1
0,1,1,0,66,1,0,0,2,2,0,0,2,0,0,0,1,89.55,5932.91,0
1,0,1,1,63,1,0,0,0,0,2,0,0,2,0,1,2,82.18,5188.39,0
0,0,1,0,56,1,2,1,2,2,2,0,0,2,0,1,2,79.36,4449.72,1
1,0,0,0,1,1,0,1,0,2,0,0,2,0,2,0,1,70.35,97.61,1
1,0,0,0,70,1,0,1,0,0,2,0,2,0,1,1,1,75.58,5312.25,0
1,0,1,1,41,1,0,0,0,0,0,0,0,0,1,0,3,65.06,2641.47,0
1,0,0,0,58,1,0,0,0,2,0,0,0,2,1,1,3,65.22,3765.07,0
1,0,1,0,46,0,1,1,0,0,0,0,0,0,0,0,2,41.08,1878.07,1
1,0,0,0,4,1,0,1,0,2,0,2,2,2,1,0,2,84.31,317.92,0
1,0,1,0,6,1,0,1,0,0,0,0,0,2,0,1,3,82.47,505.06,1
1,0,1,0,62,1,2,2,1,1,1,1,1,1,0,1,3,24.01,1512.58,0
1,1,1,0,43,1,2,2,1,1,1,1,1,1,0,0,3,28.69,1211.12,0
1,0,0,1,34,1,0,1,0,2,0,0,0,2,0,1,2,67.44,2306.81,1
0,1,1,0,64,1,0,0,0,0,2,0,2,0,0,1,0,71.01,4581.67,0
1,0,0,0,31,1,0,1,0,2,0,2,2,0,0,1,2,70.92,2220.23,1
0,0,1,0,16,1,2,1,2,0,0,2,2,2,0,0,3,96.73,1542.89,0
0,0,1,0,59,1,0,1,2,0,0,2,0,0,0,1,1,68.33,4025.68,0
0,0,1,1,26,1,0,0,0,2,0,0,2,2,0,1,1,71.94,1849.54,0
1,0,1,1,15,1,2,1,0,0,2,0,0,2,0,0,0,84.63,1266.55,0
1,0,1,0,24,1,2,1,2,0,2,0,2,2,2,0,2,72.41,1733.31,0
1,1,0,0,65,1,2,0,0,0,0,0,0,2,2,0,2,77.37,5012.25,0
0,1,0,0,27,1,2,1,0,2,0,2,2,0,2,1,0,62.62,1714.79,0
0,1,0,0,30,1,0,1,2,0,0,0,0,0,0,1,1,55.25,1654.18,1
0,0,0,0,49,1,2,0,0,0,0,0,2,0,0,1,2,87.77,4309.91,1
0,0,1,1,35,1,0,1,0,2,2,0,0,2,1,1,0,68.71,2401.77,0
1,0,1,1,27,1,2,1,0,2,2,0,2,2,0,0,2,70.64,1919.33,0
1,0,1,0,58,1,2,2,1,1,1,1,1,1,0,0,0,23.71,1365.76,0
1,0,0,0,8,1,2,0,0,0,0,0,0,2,0,0,1,57.71,466.27,1
1,0,1,0,34,1,0,1,2,0,2,0,0,0,0,1,3,69.18,2346.73,0
1,1,1,0,64,0,1,1,2,2,0,2,0,0,0,1,3,41.0,2621.49,0
0,0,0,0,60,1,0,1,0,0,2,2,0,2,0,0,3,88.64,5298.55,0
0,0,0,1,1,1,2,0,0,2,0,2,2,2,0,0,2,91.92,86.85,1
1,1,0,0,21,1,0,1,2,2,2,0,2,2,0,0,2,71.9,1511.57,1
1,0,1,0,64,0,1,1,0,0,0,0,0,2,2,1,1,81.0,5162.37,0
0,0,1,0,43,1,0,1,2,0,0,0,0,2,1,1,1,52.35,2234.34,1
1,0,0,0,5,1,0,1,0,0,0,0,2,0,1,1,2,66.04,329.66,1
1,0,1,0,43,1,2,1,0,0,0,0,0,0,2,1,0,54.27,2336.12,0
0,0,0,1,6,1,0,1,2,0,0,2,2,0,2,1,1,72.93,458.1,0
1,0,1,1,49,1,2,0,0,0,0,2,2,2,0,0,0,97.67,4750.39,0
1,0,1,0,2,1,0,0,2,2,0,0,0,0,2,1,2,55.89,101.75,0
0,0,1,0,8,1,2,0,0,0,0,0,2,0,1,0,2,79.87,626.67,0
1,0,0,0,22,1,0,0,0,0,0,2,0,2,1,0,0,69.14,1502.87,0
1,0,0,1,63,1,0,0,0,2,0,0,0,0,0,1,1,52.72,3331.77,1
0,0,0,0,68,1,0,0,0,2,0,0,0,0,0,1,2,54.32,3712.4,0
1,0,0,0,41,0,1,1,0,0,2,0,0,2,2,0,3,58.87,2421.67,0
0,0,1,0,16,1,0,0,0,0,2,0,0,0,0,1,0,80.35,1306.53,1
1,1,0,1,47,1,2,2,1,1,1,1,1,1,2,0,2,32.06,1510.16,0
0,0,0,1,54,1,2,1,0,0,0,0,2,0,2,1,3,86.27,4648.3,0
1,0,1,0,41,1,2,0,0,0,0,0,2,2,1,0,2,80.02,3289.73,1
0,0,1,0,59,1,0,0,0,0,0,2,0,0,1,0,1,53.0,3117.24,0
1,0,1,0,51,1,2,1,0,0,2,0,0,2,0,1,2,86.46,4416.92,1
1,0,0,0,23,1,2,2,1,1,1,1,1,1,2,1,2,31.01,705.52,1
1,0,0,0,65,1,2,1,0,0,2,0,2,2,0,0,2,99.22,6445.93,1
1,0,0,0,68,1,2,1,2,0,0,0,0,2,2,1,1,91.23,6202.17,0
1,0,1,0,34,1,0,0,0,0,2,0,2,0,0,1,2,58.62,1989.74,0
1,0,1,0,70,1,0,0,2,0,0,0,0,2,1,0,0,81.56,5673.9,0
1,0,0,0,43,0,1,1,0,0,2,0,2,0,2,0,0,67.97,2916.99,0
1,0,1,1,40,1,2,0,0,2,0,0,0,0,0,0,2,58.88,2342.51,1
1,0,0,0,59,1,0,1,0,2,2,2,0,2,0,0,2,70.68,4173.3,1
0,0,1,0,21,1,0,1,0,2,0,2,0,2,0,0,3,70.24,1463.71,1
1,0,0,0,30,1,2,0,0,0,0,0,2,2,1,0,2,80.62,2400.17,0
1,0,1,1,25,1,0,2,1,1,1,1,1,1,2,1,2,29.2,697.53,0
1,0,0,0,33,1,0,0,2,0,0,0,0,0,2,0,3,64.62,2143.18,0
0,0,0,1,31,1,0,0,0,2,0,0,2,0,2,0,1,70.82,2171.37,0
0,1,0,0,66,1,2,2,1,1,1,1,1,1,2,1,2,32.36,2131.55,0
0,0,0,1,61,1,0,0,0,0,0,0,2,0,0,0,3,60.7,3706.33,0
1,0,0,0,8,1,2,1,0,0,2,2,0,2,0,0,2,71.56,567.65,1
1,0,0,0,37,1,0,2,1,1,1,1,1,1,1,1,0,32.89,1211.83,0
0,0,1,0,57,1,0,2,1,1,1,1,1,1,2,0,2,32.92,1883.38,0
1,0,1,0,14,1,2,1,2,0,0,0,2,0,0,0,2,84.8,1189.47,1
0,0,0,1,55,1,0,1,0,0,0,2,2,0,1,0,2,64.81,3564.19,0
0,0,1,0,61,1,2,1,2,0,0,2,0,0,2,1,2,65.21,3972.95,0
1,0,1,1,66,1,0,1,0,0,2,0,2,0,0,1,2,60.15,3982.61,1
1,0,1,0,14,1,0,2,1,1,1,1,1,1,0,0,2,29.81,422.51,1
0,0,0,1,40,1,0,2,1,1,1,1,1,1,0,1,1,25.72,1025.05,0
0,1,1,0,9,1,2,2,1,1,1,1,1,1,0,0,1,31.06,298.52,0
0,0,1,0,68,1,2,0,2,2,2,0,2,0,0,1,3,73.44,4967.01,0
1,0,0,0,7,1,0,2,1,1,1,1,1,1,0,1,2,26.97,163.3,1
0,0,1,1,27,1,2,2,1,1,1,1,1,1,1,1,3,30.22,810.68,0
0,1,0,0,22,1,2,1,2,0,2,0,0,0,1,1,1,60.73,1340.35,1
1,0,1,0,63,1,0,0,0,0,0,0,2,0,1,0,3,77.68,4913.2,0
1,0,0,0,70,1,0,1,0,0,2,0,0,0,0,1,0,77.05,5389.78,1
0,0,0,0,67,1,0,0,0,0,2,2,0,0,2,1,2,55.43,3712.09,0
0,0,1,0,62,1,0,0,2,2,2,0,0,2,0,1,2,88.63,5515.22,0
1,0,1,0,57,1,0,2,1,1,1,1,1,1,1,0,2,26.87,1510.5,0
0,0,0,1,14,0,1,0,0,2,2,0,2,0,0,1,3,47.17,669.27,1
0,0,1,1,19,0,1,1,0,2,0,0,0,2,0,1,2,66.17,1240.64,1
0,0,1,0,29,1,0,0,0,0,0,2,2,0,1,1,2,62.71,1809.26,0
0,0,0,1,54,1,0,1,0,0,0,0,2,0,2,0,2,92.32,5017.83,0
1,1,1,0,71,1,0,2,1,1,1,1,1,1,0,1,1,24.08,1680.4,0
0,0,1,1,42,1,0,1,2,0,2,0,0,0,0,0,2,76.63,3244.1,1
0,0,0,0,59,1,0,0,0,2,2,2,0,0,1,1,3,68.76,4055.83,0
1,0,0,1,53,1,2,1,0,2,0,0,2,2,0,0,2,84.65,4500.91,1
1,0,1,1,42,1,2,1,0,2,2,2,2,0,0,1,2,86.3,3639.83,0
1,0,1,0,55,1,0,1,2,0,2,0,2,0,0,1,0,81.97,4510.2,0
0,1,1,0,63,1,0,0,0,2,0,2,0,0,2,1,3,54.07,3399.6,0
0,0,1,1,62,1,0,2,1,1,1,1,1,1,0,1,1,27.94,1754.03,0
0,0,0,1,62,1,2,1,0,0,0,0,2,0,1,1,2,67.43,4148.36,0
0,1,0,0,65,1,0,2,1,1,1,1,1,1,0,0,2,32.09,2082.54,0
1,0,0,0,30,0,1,2,1,1,1,1,1,1,0,0,1,18.25,570.4,0
0,0,0,1,45,1,0,2,1,1,1,1,1,1,2,1,1,24.04,1082.84,0
0,1,0,1,58,0,1,0,2,0,0,2,0,0,0,0,0,55.87,3245.71,1
0,0,1,0,14,1,0,1,0,0,0,0,2,0,0,0,1,95.32,1359.75,1
0,0,1,0,33,1,2,2,1,1,1,1,1,1,0,1,3,25.42,834.82,1
1,0,0,0,11,1,2,1,0,0,2,0,0,0,0,0,2,71.84,796.12,1
0,1,0,0,59,1,2,0,0,2,0,0,2,2,2,1,2,79.76,4720.41,0
1,0,0,0,18,1,0,1,0,2,2,2,2,2,0,1,3,108.85,1960.96,0
1,0,1,0,70,1,0,0,0,0,0,0,2,0,0,1,2,73.72,5152.08,1
0,0,0,0,61,1,2,2,1,1,1,1,1,1,2,1,2,26.38,1618.63,0
1,0,0,0,16,1,2,1,2,0,0,0,2,0,0,1,0,69.21,1135.05,1
1,1,1,0,37,1,0,0,0,0,0,0,0,2,0,1,0,74.64,2759.94,0
1,0,0,0,34,1,2,1,0,0,0,0,0,0,0,1,1,74.6,2554.14,0
0,0,0,1,32,1,2,1,0,2,0,0,2,2,1,1,0,79.95,2561.54,1
1,0,1,0,51,0,1,0,0,0,2,0,2,0,1,0,3,78.98,4024.16,0
0,0,1,0,39,1,2,1,2,0,0,2,0,0,2,1,0,80.23,3107.51,0
1,1,0,1,22,1,0,1,0,0,2,0,0,2,1,1,2,71.87,1606.25,1
0,0,0,0,27,1,0,0,2,0,0,0,0,0,0,1,2,48.3,1287.14,0
0,0,1,1,66,1,2,2,1,1,1,1,1,1,0,0,3,23.81,1560.97,0
0,0,0,0,37,1,0,1,0,0,2,0,2,0,1,0,3,83.33,3080.82,1
1,0,0,1,23,1,2,0,2,0,0,0,0,0,1,1,0,66.25,1529.22,0
1,0,1,0,19,1,0,1,0,0,0,0,0,2,0,1,1,81.44,1578.57,1
1,1,0,1,72,1,0,0,0,0,0,0,0,2,2,0,1,70.92,5111.05,0
1,1,0,0,26,1,2,0,0,0,0,0,0,0,0,1,0,52.55,1381.33,0
0,1,1,0,43,1,2,0,0,0,2,0,0,0,0,0,2,55.5,2381.07,0
1,0,1,1,23,1,0,0,2,0,0,0,2,0,0,0,2,75.27,1745.99,0
1,0,0,1,32,1,2,0,0,0,2,2,0,0,0,1,0,53.1,1694.01,1
0,0,1,1,51,1,2,0,0,0,0,0,2,2,0,1,1,65.35,3335.36,1
0,0,1,0,36,1,2,2,1,1,1,1,1,1,2,1,0,27.57,978.54,0
0,0,0,1,18,1,0,1,0,0,2,0,0,2,2,0,2,74.43,1346.58,1
1,0,1,0,58,1,0,0,0,0,2,0,0,2,0,0,0,88.49,5146.2,0
1,0,1,1,51,0,1,0,2,0,0,0,0,0,2,1,0,58.49,2985.16,0
1,0,0,0,10,1,0,1,0,0,0,0,2,2,2,1,0,73.62,734.43,1
0,0,1,0,15,1,2,2,1,1,1,1,1,1,0,0,2,23.55,344.75,0
0,0,0,0,42,1,2,0,0,2,0,0,2,2,0,0,2,103.92,4352.04,1
0,0,1,1,64,1,0,1,2,0,0,2,2,0,2,0,2,87.94,5631.73,0
1,0,0,0,37,1,0,1,0,0,0,0,0,0,1,1,3,67.97,2543.8,0
0,0,0,0,44,1,2,0,2,2,0,0,2,0,0,1,2,85.88,3774.26,0
0,0,0,0,25,1,0,2,1,1,1,1,1,1,1,0,1,29.62,720.39,0
1,0,0,0,10,1,2,1,0,2,2,2,0,0,2,1,1,56.47,583.67,0
1,0,1,1,42,1,0,0,0,0,2,0,0,2,0,1,2,58.42,2441.48,1
0,0,0,0,27,1,2,1,0,2,0,0,0,0,1,0,1,76.32,2067.43,1
1,0,1,0,24,1,2,1,0,0,0,0,0,0,0,0,2,74.26,1787.17,1
1,1,0,1,38,1,0,1,2,0,0,0,0,0,0,1,2,81.18,3086.96,1
0,0,0,0,8,1,2,1,2,0,2,0,0,0,2,1,2,69.35,564.46,1
1,0,1,0,69,1,2,0,0,0,2,2,2,0,0,1,2,88.66,6091.2,0
1,0,1,0,55,1,2,2,1,1,1,1,1,1,2,0,1,32.75,1806.26,0
1,0,1,0,17,1,0,1,0,0,0,0,0,0,0,0,0,58.23,979.6,1
1,0,1,1,32,1,0,1,2,0,2,0,0,0,0,1,1,64.3,2043.62,1
1,0,0,1,50,1,2,2,1,1,1,1,1,1,0,1,2,23.89,1189.34,0
1,0,1,1,48,1,0,1,0,2,0,0,2,2,0,1,0,89.52,4326.4,1
0,1,0,0,62,1,0,0,2,2,0,0,0,0,2,0,3,61.71,3827.3,0
0,0,0,0,38,1,0,1,2,0,0,0,0,2,1,1,2,75.25,2862.06,1
1,0,1,0,13,1,0,2,1,1,1,1,1,1,1,1,2,32.22,409.01,0
0,0,0,0,46,1,0,1,0,0,2,0,0,0,0,0,3,58.96,2712.69,1
0,0,1,0,33,1,2,1,0,2,0,2,0,2,2,1,1,84.85,2796.29,0
1,0,0,0,55,1,2,0,2,2,0,2,0,2,0,1,2,68.4,3749.39,0
0,0,1,1,54,0,1,2,1,1,1,1,1,1,0,0,0,18.25,996.26,0
0,1,0,0,49,1,2,0,0,0,2,0,0,0,0,1,2,81.2,3978.18,1
1,0,1,0,19,1,2,0,0,0,0,0,0,0,0,1,3,76.3,1440.43,1
0,0,1,0,24,1,0,0,2,0,0,2,2,0,2,1,0,84.68,2029.55,0
1,0,1,1,27,1,2,1,0,2,0,0,0,0,0,1,0,62.8,1699.21,1
1,1,0,0,61,1,2,2,1,1,1,1,1,1,1,1,0,26.63,1632.95,0
0,0,1,0,36,1,2,0,0,0,0,2,0,0,0,0,3,61.74,2216.72,0
0,0,0,1,37,1,0,2,1,1,1,1,1,1,0,0,3,24.08,873.61,0
0,0,1,1,57,1,0,2,1,1,1,1,1,1,1,0,1,31.8,1832.01,0
1,0,1,1,4,1,0,1,0,2,2,0,0,2,2,0,2,90.05,391.87,1
0,0,0,0,19,1,2,0,0,0,0,0,0,0,0,1,2,68.56,1320.9,1
1,0,1,0,9,1,0,1,2,0,2,2,0,0,0,1,2,73.3,656.36,1
0,0,0,0,9,1,0,0,2,0,0,2,0,2,0,1,3,83.95,759.89,0
1,0,0,0,42,1,0,1,0,0,0,0,0,2,2,0,2,88.83,3729.31,0
1,0,0,1,7,1,0,1,0,2,0,0,0,0,0,0,2,77.88,542.4,1
0,0,1,1,2,1,0,2,1,1,1,1,1,1,0,0,1,23.53,44.99,1
0,0,1,0,18,0,1,1,0,2,0,0,0,0,2,1,0,54.58,998.14,0
0,0,0,0,53,1,0,0,0,0,0,2,0,2,0,0,2,62.69,3311.27,1
1,0,0,0,0,1,0,2,1,1,1,1,1,1,0,1,1,30.06,0.0,0
0,0,1,0,46,0,1,0,0,0,2,0,0,0,0,0,0,71.14,3261.63,0
1,0,1,0,17,1,0,1,0,0,2,0,2,0,0,1,2,78.3,1316.12,1
0,0,1,0,46,1,2,1,2,2,0,0,0,2,0,1,0,68.03,3122.83,0
0,1,1,1,24,1,2,1,0,0,0,0,2,0,2,0,0,87.66,2105.32,1
0,0,0,0,4,1,2,0,2,2,0,0,2,0,0,1,2,84.9,334.06,0
0,0,1,0,49,1,2,1,2,0,0,2,0,0,0,1,2,58.36,2863.02,0
0,0,0,0,57,1,0,0,2,2,2,0,2,0,1,1,3,62.44,3562.07,0
1,0,0,0,2,1,2,0,0,0,2,2,0,0,1,0,1,49.33,100.98,0
1,0,0,0,20,1,0,0,2,0,0,0,0,0,0,1,2,63.87,1282.28,0
1,0,0,0,26,0,1,0,0,0,0,2,2,0,0,1,0,50.73,1333.23,1
1,0,0,0,58,1,0,1,0,0,0,0,2,0,2,0,2,89.52,5192.19,1
1,0,0,0,22,1,2,1,0,0,0,0,2,0,2,1,1,65.6,1430.8,1
1,0,0,0,29,1,2,1,2,0,0,0,2,0,2,1,2,81.9,2378.77,0
0,0,0,1,7,1,0,0,0,2,0,2,0,0,1,0,0,60.96,423.86,0
0,0,1,1,24,0,1,0,0,2,2,0,0,0,0,0,3,45.28,1072.17,0
1,0,0,0,50,1,0,2,1,1,1,1,1,1,2,1,2,29.32,1457.16,0
0,0,1,0,12,1,0,1,0,0,0,2,0,2,0,0,1,77.54,910.66,1
0,0,0,1,28,1,0,1,0,0,0,0,2,2,0,1,0,101.38,2843.68,1
1,0,1,0,14,1,2,0,0,0,0,0,2,0,1,0,3,71.78,1022.74,0
0,0,0,1,40,1,2,1,0,0,2,2,0,2,0,1,0,73.71,2945.52,1
1,0,1,0,30,1,2,1,2,0,0,0,0,0,2,1,2,74.01,2211.94,1
1,0,0,1,68,1,0,0,0,0,0,0,0,0,0,0,1,58.58,3972.02,0
0,0,1,1,71,1,0,0,2,0,0,2,2,0,0,1,0,72.33,5142.25,0
0,0,1,0,16,1,0,0,2,0,2,0,0,0,0,1,2,72.19,1168.74,1
1,0,0,0,10,1,0,1,2,0,2,0,0,2,1,1,2,64.9,656.43,1
0,0,0,0,55,1,0,1,0,0,0,2,0,0,1,1,0,77.55,4267.85,0
0,0,1,0,42,1,2,0,2,0,0,2,0,2,0,0,0,88.44,3739.71,0
1,0,1,1,27,1,2,2,1,1,1,1,1,1,2,0,3,27.43,745.62,0
0,1,0,0,63,1,0,2,1,1,1,1,1,1,1,1,1,29.47,1842.11,0
0,0,0,1,25,1,0,2,1,1,1,1,1,1,0,0,2,23.81,608.51,0
1,0,1,0,19,1,2,2,1,1,1,1,1,1,0,1,2,31.64,622.17,0
0,0,1,0,34,1,0,2,1,1,1,1,1,1,2,1,3,30.26,1040.83,0
1,0,0,0,56,0,1,1,0,0,2,0,0,0,0,0,1,38.55,2168.63,1
0,0,1,1,71,1,2,2,1,1,1,1,1,1,0,0,3,23.57,1668.71,0
0,0,1,0,37,1,0,2,1,1,1,1,1,1,2,0,0,27.29,998.35,0
0,0,1,0,28,1,2,2,1,1,1,1,1,1,2,1,0,27.06,744.74,0
1,0,0,0,30,1,0,1,0,2,2,2,0,2,2,1,1,79.37,2404.75,0
1,0,0,1,31,1,2,0,0,2,0,0,0,2,0,1,2,72.08,2239.73,1
1,0,1,0,65,1,2,1,0,0,0,2,2,0,0,1,3,88.03,5719.79,0
1,0,1,0,65,1,0,1,0,2,0,0,0,2,2,0,2,76.9,5004.59,0
1,0,1,0,26,1,2,0,2,2,0,0,0,0,2,1,2,65.22,1700.93,1
0,0,1,0,67,1,0,1,0,2,2,2,0,2,0,1,2,88.05,5923.05,1
0,0,1,0,28,1,2,0,0,0,2,0,0,0,0,1,2,69.74,1946.54,1
1,0,0,1,61,1,2,1,2,0,0,2,2,2,1,1,2,96.18,5891.35,1
1,1,1,1,57,1,0,1,2,2,0,2,0,2,0,1,0,71.62,4092.88,0
1,0,0,0,29,1,0,0,0,0,0,2,2,2,0,0,0,73.38,2120.28,0
0,0,1,1,66,0,1,1,0,0,2,0,0,2,2,1,0,67.1,4430.47,0
0,0,1,0,7,1,0,1,0,2,0,0,2,0,2,1,0,89.63,616.56,0
0,0,0,0,9,1,2,1,0,2,2,0,0,0,0,1,0,45.07,384.44,1
1,0,0,0,68,1,0,2,1,1,1,1,1,1,2,0,0,27.35,1865.88,0
0,0,1,0,62,1,2,0,2,2,2,0,2,2,0,0,3,92.12,5699.37,1
0,0,0,0,19,1,0,2,1,1,1,1,1,1,1,0,3,30.62,602.87,0
0,0,0,0,61,1,2,1,0,2,0,0,0,0,0,1,3,71.34,4363.85,1
0,0,0,1,39,1,2,2,1,1,1,1,1,1,1,1,3,28.65,1133.05,0
0,1,0,0,38,1,2,1,0,2,2,0,2,0,0,1,1,64.83,2453.86,1
1,0,0,0,22,1,2,0,2,0,0,2,2,0,0,1,0,84.05,1838.22,1
0,0,0,1,51,1,2,1,0,0,0,0,2,0,2,1,1,93.44,4769.94,0
0,0,0,0,44,1,0,0,0,2,2,2,0,2,0,1,2,91.05,3995.21,1
1,1,0,0,70,1,0,0,0,2,2,0,0,0,0,1,2,59.17,4140.47,1
0,0,0,0,3,0,1,2,1,1,1,1,1,1,2,1,0,18.25,63.36,0
0,1,1,1,20,1,2,0,2,2,0,0,2,2,0,1,2,73.9,1498.63,1
0,0,1,0,47,0,1,2,1,1,1,1,1,1,2,0,1,18.25,857.27,0
0,0,0,1,6,1,2,0,2,2,0,0,0,0,0,1,1,65.57,373.88,1
0,0,1,0,62,1,2,2,1,1,1,1,1,1,0,0,2,28.73,1785.97,0
0,0,1,1,58,1,0,1,0,0,0,2,0,0,0,1,2,86.76,5038.03,0
0,0,0,1,11,1,0,0,0,0,0,2,0,2,0,1,1,62.39,678.47,1
1,0,1,0,59,1,2,1,2,2,2,0,0,2,0,1,1,79.55,4702.68,1
0,0,1,0,3,1,2,0,0,2,2,2,0,2,2,1,2,92.73,283.56,0
0,0,0,0,16,1,2,2,1,1,1,1,1,1,0,1,0,29.08,448.44,1
0,0,1,0,22,1,0,1,0,0,0,0,0,0,0,0,0,72.26,1589.87,0
1,0,0,0,2,0,1,1,0,0,0,2,0,0,0,0,1,42.79,105.76,1
0,0,1,0,34,1,0,2,1,1,1,1,1,1,2,1,3,25.47,860.66,0
1,0,0,0,1,1,2,1,2,2,0,0,0,0,2,0,1,64.66,48.61,0
1,0,0,0,37,1,0,0,0,0,0,2,0,0,0,1,0,85.2,3156.88,0
0,0,1,0,39,1,2,1,0,0,0,0,2,0,0,0,2,88.88,3464.29,1
0,0,1,1,50,1,0,0,0,0,0,0,2,0,2,1,2,90.43,4533.36,0
1,1,0,0,28,1,0,1,0,0,0,2,2,2,0,1,1,69.57,1960.05,1
1,0,1,1,61,1,0,0,0,2,0,0,0,0,1,1,2,68.08,4146.0,0
1,0,1,1,70,1,2,2,1,1,1,1,1,1,0,1,3,27.95,1947.23,0
1,0,0,0,38,1,0,0,2,0,0,2,0,0,0,0,3,66.06,2501.97,0
0,0,0,0,62,1,0,1,0,0,2,0,0,0,0,0,1,77.92,4803.4,0
1,0,1,0,6,1,0,1,2,0,0,2,0,2,0,0,0,82.1,527.42,1
1,0,0,1,42,1,2,1,0,0,0,0,0,0,0,1,2,72.6,3043.63,1
1,0,0,0,52,1,2,0,0,0,0,2,0,0,0,0,1,69.14,3591.63,0
0,0,0,0,27,1,0,0,0,2,2,2,2,2,0,0,3,82.24,2216.71,0
0,0,1,0,60,1,0,1,0,0,0,0,2,2,0,0,1,78.67,4729.29,1
1,0,1,1,51,1,0,2,1,1,1,1,1,1,2,1,2,27.56,1406.04,0
0,0,0,0,44,1,2,1,0,0,0,0,0,0,2,0,0,71.59,3168.07,0
0,0,1,0,1,1,0,1,2,2,2,0,2,2,0,1,2,96.66,114.36,1
0,0,0,0,0,1,0,1,2,2,2,0,0,0,0,1,2,56.82,0.0,1
1,0,0,1,71,1,2,2,1,1,1,1,1,1,0,1,0,30.38,2143.3,0
0,1,0,0,20,1,2,1,0,0,0,0,0,0,0,0,1,58.03,1164.39,1
1,1,1,0,0,1,0,0,0,0,2,0,2,2,0,1,2,69.0,28.75,1
0,0,0,0,19,1,0,1,0,2,0,0,2,0,1,1,1,82.68,1569.36,0
1,0,1,1,58,1,2,1,2,2,2,0,2,2,2,1,2,84.43,4880.56,0
1,1,1,1,62,1,0,0,0,2,2,0,2,2,0,1,2,67.27,4151.34,1
1,0,1,0,45,1,2,1,0,2,0,0,0,2,0,1,2,77.13,3487.31,1
0,0,1,1,26,1,0,0,2,2,2,0,2,2,1,0,1,72.97,1899.26,0
0,0,1,1,12,1,2,1,0,0,2,2,0,2,0,0,0,77.5,931.96,1
0,1,0,1,21,1,0,0,0,0,0,0,2,2,1,0,0,65.67,1374.94,0
0,0,1,0,51,1,2,1,2,2,0,0,0,2,0,1,2,68.5,3493.74,0
1,1,1,1,5,1,0,0,2,2,2,0,0,0,0,1,2,51.35,265.51,1
1,0,1,0,56,0,1,0,2,0,2,0,2,0,2,1,1,56.51,3180.96,0
1,0,0,1,44,1,0,2,1,1,1,1,1,1,0,0,2,32.39,1457.36,0
1,0,1,0,45,1,2,0,0,0,2,0,0,0,0,1,0,52.19,2384.69,0
0,0,0,0,70,1,2,1,0,0,0,2,0,0,2,0,1,52.87,3681.68,0
0,0,1,1,71,1,0,0,0,0,0,0,0,2,0,0,2,90.84,6460.53,0
1,1,0,0,66,1,0,2,1,1,1,1,1,1,0,1,1,30.43,2008.59,0
0,1,1,1,31,1,0,0,0,0,2,0,0,0,0,1,2,60.84,1893.87,0
0,1,1,0,70,1,2,2,1,1,1,1,1,1,2,0,0,28.67,2012.11,0
1,0,0,0,34,1,0,2,1,1,1,1,1,1,0,1,1,26.13,879.82,0
0,0,0,0,57,1,0,0,0,0,0,2,2,0,1,0,3,85.8,4889.48,0
0,0,1,0,56,1,0,2,1,1,1,1,1,1,2,1,0,28.67,1595.59,0
0,0,0,1,11,1,2,1,2,0,2,0,0,0,0,1,2,84.02,938.93,1
1,0,1,1,8,1,2,0,0,2,0,0,2,2,0,1,0,70.51,592.93,0
1,0,0,0,51,0,1,2,1,1,1,1,1,1,1,1,2,18.25,940.57,0
0,1,1,0,55,1,2,1,0,0,0,2,0,2,0,0,2,74.56,4104.08,1
1,0,1,0,61,1,2,1,0,0,0,0,2,0,2,0,2,63.99,3917.35,1
1,1,1,1,33,1,2,2,1,1,1,1,1,1,0,0,3,27.64,907.33,0
0,0,0,0,66,1,0,0,0,0,0,2,0,0,0,1,0,47.56,3157.13,0
0,0,0,1,39,1,2,0,2,0,0,0,0,2,0,0,1,85.38,3351.41,0
0,0,1,0,65,1,2,1,0,0,0,0,0,2,0,1,0,84.01,5444.09,0
1,0,1,0,28,1,0,1,0,0,0,0,0,2,0,1,0,54.78,1514.04,0
0,1,1,0,14,1,0,1,0,0,2,2,0,2,0,1,2,78.32,1102.58,1
1,0,0,0,6,1,0,1,0,0,0,2,2,0,0,1,0,61.65,342.37,1
1,0,1,0,22,0,1,0,0,0,2,2,0,2,0,0,2,59.01,1317.42,0
0,1,1,1,52,1,0,0,2,2,0,0,2,0,1,1,2,59.68,3111.69,0
0,0,0,0,51,1,2,1,2,0,0,0,0,0,1,1,2,62.78,3210.09,0
0,0,1,0,16,1,0,1,0,0,0,2,2,2,1,1,2,72.2,1136.41,1
0,0,1,1,9,1,0,1,0,0,0,0,0,0,2,0,2,77.47,711.63,0
0,0,0,0,36,1,0,1,0,2,0,0,0,2,1,0,3,67.17,2413.54,1
1,1,1,0,72,1,2,1,2,0,0,0,0,2,1,1,0,77.52,5565.68,0
1,1,0,1,58,1,0,0,0,2,0,0,2,0,0,1,0,61.78,3587.7,1
1,0,0,1,2,1,2,0,0,0,2,0,0,0,0,0,0,59.36,88.68,1
0,0,0,1,26,0,1,2,1,1,1,1,1,1,1,0,2,18.25,481.34,0
0,1,1,0,44,1,2,2,1,1,1,1,1,1,2,1,2,28.61,1272.38,0
0,1,1,1,48,1,2,0,0,2,2,2,2,2,2,1,2,64.38,3105.81,0
0,0,0,0,10,1,0,0,0,0,2,0,0,2,0,1,1,68.48,703.74,1
0,0,0,0,16,1,2,0,2,0,2,0,0,0,1,1,3,60.61,968.54,0
0,0,1,0,13,1,0,2,1,1,1,1,1,1,0,1,0,29.91,402.35,0
0,0,1,1,1,0,1,0,0,0,2,0,0,0,2,0,1,57.72,51.2,0
1,0,0,0,29,0,1,0,0,0,0,0,0,2,0,0,3,77.52,2236.19,0
1,0,0,0,24,1,0,1,0,0,0,0,0,0,2,0,2,65.14,1548.22,0
1,1,1,0,17,1,2,2,1,1,1,1,1,1,0,0,2,24.08,403.12,0
1,0,0,1,32,1,0,1,2,0,0,0,0,0,2,1,2,69.81,2228.48,1
0,0,1,1,46,1,2,2,1,1,1,1,1,1,0,1,2,29.5,1371.82,0
0,0,0,0,19,1,0,2,1,1,1,1,1,1,0,0,0,29.2,546.41,0
1,0,1,0,0,1,2,0,2,2,0,0,0,0,2,1,3,54.47,0.0,1
0,0,0,0,12,1,0,1,0,2,0,0,2,0,0,1,3,75.43,903.33,1
0,0,0,1,57,1,2,0,0,0,2,0,0,2,0,1,3,83.37,4706.61,1
0,0,0,0,39,1,0,0,0,0,2,0,2,2,0,0,2,65.25,2552.84,1
0,0,0,0,11,1,0,1,0,0,2,0,0,0,0,0,2,60.57,658.46,1
1,0,1,0,14,1,2,0,0,0,0,0,2,0,0,0,0,85.97,1203.06,1
1,0,1,0,18,0,1,1,2,0,0,0,0,0,2,1,3,62.12,1119.1,0
1,0,1,1,67,1,2,0,0,2,0,0,0,0,2,0,3,63.05,4224.55,0
1,0,0,0,37,1,2,0,2,0,0,0,2,2,0,1,2,86.65,3192.95,0
0,1,0,1,37,1,2,0,2,0,0,0,2,2,2,1,3,89.28,3281.97,0
0,0,1,0,45,1,0,0,0,2,0,2,0,2,0,1,1,61.67,2765.42,0
0,1,0,0,44,1,0,0,2,2,0,2,2,2,2,1,1,90.77,3999.5,0
0,1,0,1,44,1,0,0,2,0,2,0,0,2,2,0,2,58.43,2553.48,0
1,0,1,1,65,0,1,1,0,0,2,0,2,0,1,1,1,65.49,4207.53,0
0,0,0,1,16,1,0,1,0,2,0,0,2,0,1,1,3,91.21,1458.7,0
1,0,1,1,28,0,1,1,0,0,2,0,0,2,0,1,1,62.42,1756.56,1
0,0,0,0,31,1,2,0,0,0,0,2,0,0,0,1,3,70.62,2184.2,1
1,0,1,0,42,1,2,1,0,2,2,0,0,0,0,1,0,70.41,2963.33,1
1,0,1,0,4,1,0,2,1,1,1,1,1,1,2,1,3,26.12,118.16,0
0,1,0,0,6,1,2,1,0,2,2,2,2,2,2,1,0,79.22,464.7,1
1,0,1,0,72,1,2,1,2,0,0,0,2,0,0,0,2,67.83,4932.71,0
0,0,0,0,48,1,2,1,0,0,2,0,0,0,0,0,1,59.27,2844.34,1
1,0,0,1,25,1,2,1,0,0,2,0,0,0,0,1,2,79.67,2012.04,1
1,1,1,0,27,0,1,1,2,0,0,0,2,0,0,1,2,62.81,1702.14,1
0,0,0,0,21,1,0,1,2,0,0,0,0,2,1,1,3,69.64,1441.07,1
0,0,1,0,24,0,1,2,1,1,1,1,1,1,0,1,3,18.25,428.54,0
0,1,1,0,66,1,0,0,0,2,2,0,0,2,0,0,0,81.0,5321.79,0
1,1,0,0,64,1,2,0,0,0,0,0,0,2,0,0,2,74.53,4771.81,0
1,0,1,0,2,1,2,1,0,0,0,2,0,0,0,0,2,79.04,170.67,1
0,0,0,1,8,1,0,2,1,1,1,1,1,1,1,0,3,33.03,270.89,0
0,0,0,0,4,1,0,2,1,1,1,1,1,1,2,0,2,25.76,118.7,0
1,0,1,0,25,1,0,1,0,0,0,0,2,0,1,0,3,83.16,2061.66,1
1,1,0,0,9,1,2,0,0,2,0,2,2,2,0,0,0,79.62,725.34,1
1,0,0,1,17,1,2,1,0,0,0,0,0,0,0,0,2,56.3,987.82,1
0,0,0,0,34,1,2,1,2,0,0,0,0,0,2,1,2,57.39,1957.18,0
1,0,1,1,41,1,2,1,0,0,0,0,2,2,0,1,3,89.28,3645.29,0
1,0,1,1,27,1,2,0,0,2,2,0,2,0,2,0,3,74.28,1977.08,0
0,0,1,0,71,1,0,2,1,1,1,1,1,1,1,1,0,30.65,2176.33,0
1,0,0,0,66,0,1,0,0,2,0,2,0,0,0,1,0,49.6,3273.68,0
0,0,0,0,44,1,0,1,0,2,0,0,2,2,1,1,0,74.66,3288.88,0
0,0,0,0,52,0,1,0,0,0,2,0,2,2,2,0,2,54.55,2845.94,0
1,0,1,0,34,1,2,1,0,0,0,0,0,0,0,1,3,61.01,2073.64,1
1,0,1,0,33,1,0,0,0,0,0,2,2,2,0,1,1,80.78,2672.47,1
1,1,0,0,19,1,2,2,1,1,1,1,1,1,0,0,2,28.65,548.21,1
0,0,0,0,56,1,2,0,0,0,0,0,0,2,0,0,1,80.85,4522.05,0
1,0,0,1,21,1,2,0,0,0,0,0,0,0,1,0,3,50.31,1058.73,0
0,0,1,1,3,0,1,1,0,2,0,2,2,2,2,1,3,94.04,286.53,0
0,0,0,0,24,1,0,0,0,0,0,2,2,2,0,1,2,77.64,1862.01,1
0,0,0,0,72,1,0,1,0,0,2,0,0,0,1,1,2,71.7,5184.98,0
0,0,1,0,70,1,0,1,0,2,2,0,0,0,0,0,1,48.76,3411.96,0
1,1,0,0,55,1,2,1,0,2,2,2,0,2,0,0,2,69.35,3818.38,1
0,0,1,0,17,1,0,1,0,2,0,2,0,2,1,1,3,53.15,882.56,0
1,0,0,0,52,1,2,0,0,2,0,0,0,2,0,1,0,64.55,3347.37,0
0,0,1,0,47,1,0,0,2,0,2,2,0,0,0,0,2,60.84,2853.68,0
1,0,0,1,64,1,2,2,1,1,1,1,1,1,1,0,0,32.87,2102.0,0
1,0,1,0,32,1,0,2,1,1,1,1,1,1,1,1,2,30.61,1002.89,0
1,0,0,0,35,1,2,2,1,1,1,1,1,1,0,0,3,25.42,915.94,0
1,1,0,0,7,1,2,2,1,1,1,1,1,1,1,1,2,32.28,227.91,1
0,0,1,0,52,1,0,1,0,0,0,2,0,2,2,0,3,75.69,3927.8,0
1,0,0,0,11,1,0,2,1,1,1,1,1,1,0,0,1,23.67,265.6,1
1,0,0,1,58,1,2,0,0,0,2,2,0,0,1,1,2,61.66,3584.36,0
1,0,1,1,52,1,2,0,0,2,0,0,0,0,0,0,2,74.74,3878.87,1
1,0,1,1,27,1,0,2,1,1,1,1,1,1,0,0,3,27.67,706.64,1
0,0,1,1,0,0,1,0,0,0,0,0,0,2,0,1,3,64.48,21.54,1
0,0,0,0,71,1,2,2,1,1,1,1,1,1,2,0,3,28.5,2035.28,0
0,0,0,0,25,0,1,1,0,0,0,0,0,0,0,0,1,45.34,1143.73,0
0,0,1,0,60,1,2,2,1,1,1,1,1,1,0,1,2,26.16,1552.68,0
1,0,0,1,18,1,2,0,0,2,2,0,2,0,0,1,1,72.51,1312.88,0
1,0,0,0,18,1,2,1,0,0,2,2,0,0,2,1,1,56.11,997.95,0
1,0,0,1,55,1,0,2,1,1,1,1,1,1,0,0,1,29.46,1606.83,0
1,0,1,1,49,1,2,1,0,0,0,0,2,0,0,1,0,60.93,2984.03,1
0,1,0,0,57,1,0,1,2,2,0,0,0,0,2,0,0,54.62,3119.13,0
0,0,1,0,10,1,2,0,2,2,2,0,0,0,0,0,0,52.82,519.65,1
0,0,1,1,26,1,0,0,2,2,2,0,0,2,0,1,3,91.39,2349.08,0
1,1,1,1,39,1,0,0,0,2,0,0,0,2,0,1,2,78.1,3018.2,1
0,0,1,0,39,1,0,1,0,0,0,0,0,2,2,1,0,58.26,2264.3,0
1,0,0,1,55,1,0,1,2,0,2,0,0,2,0,1,0,89.77,4961.91,0
0,0,1,1,3,1,0,1,0,0,2,0,2,0,2,1,1,55.79,173.71,1
0,1,1,1,28,1,0,1,2,0,0,0,2,0,1,0,3,89.34,2483.74,0
0,0,1,0,53,1,0,1,0,0,0,0,0,0,2,1,2,81.61,4320.02,0
0,0,0,0,42,0,1,1,0,2,2,0,0,2,0,0,0,64.61,2730.29,0
0,0,0,0,11,1,0,1,0,0,0,0,2,0,1,0,2,87.67,967.77,1
1,0,0,0,0,1,0,1,0,2,0,0,0,0,2,1,2,74.14,0.0,0
1,0,1,0,57,1,0,0,0,2,2,0,0,0,2,0,3,51.38,2911.45,0
1,0,0,0,6,0,1,0,0,0,0,0,0,0,0,1,3,54.19,318.31,1
1,0,0,0,44,1,0,0,0,0,0,2,0,0,2,0,1,79.48,3492.02,0
0,1,1,1,36,1,0,0,0,0,0,2,0,2,0,1,2,69.14,2499.52,0
1,0,0,1,24,1,0,1,2,0,0,2,0,2,2,1,2,76.32,1805.9,1
1,0,0,0,17,1,0,2,1,1,1,1,1,1,0,1,2,24.14,394.08,1
1,0,0,0,71,1,2,0,2,0,0,0,0,0,2,1,2,59.56,4242.87,0
1,0,1,0,22,1,0,1,0,0,0,0,0,2,1,1,2,84.53,1866.76,1
0,0,0,0,30,1,0,2,1,1,1,1,1,1,1,0,2,26.31,807.34,0
1,0,1,0,39,1,0,0,0,0,2,2,2,2,2,0,3,91.01,3557.9,0
0,0,1,0,41,1,0,0,0,0,2,2,0,2,0,1,2,75.74,3113.92,1
0,0,0,0,24,0,1,0,0,2,0,2,2,2,0,1,2,71.71,1691.48,0
1,0,1,0,29,1,0,1,0,2,0,0,0,0,2,1,2,84.07,2432.42,1
0,0,1,0,67,1,2,2,1,1,1,1,1,1,1,1,3,32.44,2174.52,0
1,0,1,0,19,1,0,0,0,0,2,0,0,0,2,1,2,76.58,1423.74,0
1,0,1,1,66,1,0,2,1,1,1,1,1,1,0,1,2,32.64,2156.06,0
0,0,1,0,41,1,2,1,0,0,2,0,0,0,0,1,0,73.49,3002.86,0
1,0,1,0,30,1,0,1,0,0,0,0,0,2,0,1,0,83.02,2507.32,1
1,0,0,0,32,1,2,0,2,2,0,0,2,0,1,1,0,71.04,2285.45,0
1,0,1,1,7,1,0,1,0,2,0,2,2,0,0,1,2,58.24,413.25,0
1,1,0,0,2,1,0,1,0,2,0,0,0,0,1,1,0,77.1,143.74,1
1,0,0,0,6,1,2,1,0,0,0,0,0,2,0,1,2,87.03,548.08,1
1,0,1,0,33,0,1,2,1,1,1,1,1,1,0,1,3,18.25,613.36,0
1,0,1,0,37,1,2,0,0,0,0,0,2,0,0,1,3,77.04,2833.76,0
0,0,1,0,55,1,0,1,2,0,2,0,0,0,2,1,1,54.88,3012.35,0
0,0,0,0,35,1,0,2,1,1,1,1,1,1,0,1,2,32.98,1175.01,0
0,0,0,0,65,1,0,0,0,0,0,0,2,0,0,0,3,82.08,5320.14,0
0,0,1,0,67,1,0,0,2,0,2,0,2,0,0,0,0,85.92,5754.29,0
1,0,0,0,68,1,2,0,0,2,2,2,2,2,2,1,2,67.99,4628.83,0
0,1,0,0,66,1,0,1,0,0,0,0,0,0,2,1,2,76.06,5029.93,0
1,0,0,0,27,1,2,1,0,0,0,0,0,2,1,1,1,79.75,2148.93,0
1,0,1,0,47,1,0,0,0,2,0,2,0,2,0,0,2,60.34,2827.79,0
1,0,1,0,17,1,2,1,0,0,0,0,0,0,0,1,2,76.77,1293.19,1
1,0,0,1,15,1,0,0,2,0,2,2,2,0,0,1,0,90.77,1359.99,0
1,0,0,0,36,1,2,1,0,0,2,0,0,2,0,1,0,66.42,2400.35,0
1,0,1,0,25,1,0,1,0,0,0,0,0,0,2,0,2,80.99,2052.16,1
0,0,1,0,57,0,1,0,0,0,0,0,0,0,0,1,2,52.29,2987.28,0
1,1,1,0,59,1,2,1,0,2,2,2,2,0,1,0,3,80.86,4759.83,0
0,0,1,0,27,1,0,0,0,0,2,0,0,0,0,1,1,63.46,1727.94,1
1,0,1,0,45,1,0,1,0,0,2,0,2,0,0,0,3,58.34,2618.5,1
1,0,0,0,31,1,2,2,1,1,1,1,1,1,0,0,2,28.26,902.07,1
1,0,1,0,68,1,0,2,1,1,1,1,1,1,2,1,0,30.12,2050.28,0
1,0,1,0,58,1,2,0,0,2,0,0,2,2,2,0,2,70.56,4104.52,0
0,0,1,0,47,1,2,0,2,0,2,0,0,0,2,0,0,75.26,3529.03,0
0,0,1,0,56,0,1,1,0,0,0,0,2,0,0,1,3,54.69,3061.73,1
0,0,1,1,1,1,0,1,2,0,2,0,0,0,1,1,2,68.39,75.08,1
0,0,1,0,49,1,0,1,2,2,0,0,0,0,2,1,3,70.86,3486.91,0
0,0,1,0,35,1,0,1,0,2,0,0,2,0,2,0,3,86.71,3005.92,0
1,0,1,1,28,1,0,2,1,1,1,1,1,1,1,1,1,32.77,892.46,0
0,0,0,0,21,1,0,1,0,0,0,0,0,2,0,1,3,80.88,1702.24,1
0,0,1,0,52,1,2,1,0,0,0,2,0,2,0,1,3,91.19,4727.59,0
1,1,0,0,62,1,2,0,2,2,2,0,0,2,0,1,1,57.07,3524.53,1
1,0,1,0,70,1,0,2,1,1,1,1,1,1,0,0,3,24.48,1717.2,0
0,0,0,1,38,1,0,1,0,2,0,0,0,0,1,0,3,68.88,2636.1,0
0,1,0,1,17,0,1,2,1,1,1,1,1,1,2,0,1,18.25,323.25,0
1,0,0,0,38,0,1,1,0,0,2,0,0,0,2,0,2,53.29,2049.62,0
1,0,0,0,44,1,0,2,1,1,1,1,1,1,0,0,2,24.83,1123.44,0
0,0,0,0,53,1,2,0,0,0,2,0,0,0,0,1,2,52.77,2763.56,0
1,0,1,1,57,1,0,0,0,2,2,0,0,0,2,1,1,53.24,3027.88,0
0,0,1,0,45,1,2,1,0,0,0,0,2,0,1,1,2,91.41,4107.88,1
0,0,1,0,65,0,1,1,2,2,0,0,2,2,0,0,2,64.26,4163.86,1
1,0,0,1,14,1,2,1,2,2,0,0,2,2,0,0,2,67.78,946.52,1
0,0,1,1,30,1,0,0,0,0,2,0,0,0,0,1,2,68.89,2046.75,1
0,0,0,1,45,1,0,0,0,0,0,2,2,2,1,0,2,87.98,3958.88,0
1,0,1,0,20,1,0,1,2,0,0,0,2,0,2,1,2,61.6,1250.41,0
0,0,0,1,40,1,2,2,1,1,1,1,1,1,2,1,0,30.02,1180.38,0
0,0,1,1,20,0,1,1,0,0,2,0,0,0,1,1,1,61.39,1214.0,1
1,0,0,1,53,1,2,2,1,1,1,1,1,1,2,1,1,32.72,1764.5,0
1,0,1,0,51,1,2,1,0,0,2,0,0,0,0,1,1,82.12,4193.79,1
0,0,1,0,69,1,0,0,0,2,0,0,0,0,1,0,3,50.96,3538.53,0
1,0,0,1,8,1,0,0,2,0,0,0,0,2,2,0,2,76.4,578.31,0
1,0,0,0,35,1,0,1,0,2,0,0,0,0,1,1,0,71.8,2533.08,0
0,0,1,1,67,1,0,0,0,2,0,0,0,0,2,1,2,63.88,4270.98,0
0,1,1,0,27,1,0,0,0,0,2,2,0,0,2,1,3,63.68,1706.66,0
1,0,1,0,38,1,2,1,0,0,2,0,0,2,0,1,1,71.48,2715.63,1
0,0,1,1,14,1,0,2,1,1,1,1,1,1,0,1,0,24.24,352.71,0
1,0,1,1,23,1,0,2,1,1,1,1,1,1,1,1,0,31.21,722.99,0
1,1,1,0,34,1,2,2,1,1,1,1,1,1,0,1,2,32.46,1097.37,0
0,0,0,0,21,1,0,0,0,0,2,0,0,2,1,1,0,86.49,1818.03,0
0,0,0,0,57,1,2,2,1,1,1,1,1,1,2,1,2,25.94,1463.89,0
1,1,0,0,50,1,2,1,0,0,0,0,2,0,0,0,3,62.37,3112.92,1
1,0,1,0,32,1,2,1,0,0,2,0,2,2,0,1,3,96.21,3066.93,1
1,0,1,0,40,0,1,1,2,0,0,0,0,2,2,1,3,57.45,2292.59,0
0,1,1,1,34,1,0,1,0,0,2,0,0,0,0,0,3,64.71,2215.28,1
1,0,1,1,29,1,0,1,2,2,0,0,2,0,0,1,3,65.81,1907.31,0
0,1,0,1,72,1,0,0,0,0,2,0,0,0,0,0,2,53.03,3822.83,0
0,0,1,1,30,1,0,2,1,1,1,1,1,1,0,1,1,30.67,921.92,0
0,0,0,1,53,1,0,0,2,0,0,0,0,2,0,1,3,58.04,3082.65,0
1,0,0,1,43,1,0,1,2,2,0,0,0,0,0,0,1,51.14,2230.64,1
1,0,0,0,59,1,2,2,1,1,1,1,1,1,2,0,1,26.7,1557.88,0
1,0,0,0,71,1,0,1,0,0,0,2,2,0,1,1,3,68.37,4856.66,0
0,0,0,0,53,1,0,1,0,2,2,2,2,2,1,1,2,71.38,3787.57,1
1,0,1,0,14,1,0,0,0,2,0,2,2,2,0,1,0,79.52,1126.57,1
1,0,1,1,22,1,0,1,0,0,2,0,2,2,0,1,1,80.51,1795.54,1
0,0,1,1,5,0,1,0,0,0,2,0,0,2,0,0,2,65.89,316.24,1
0,0,0,0,41,1,0,1,0,0,2,2,0,0,0,0,3,64.65,2624.05,0
0,0,1,0,59,1,0,1,0,0,2,0,2,2,2,1,3,65.62,3870.86,0
1,1,0,0,0,1,0,0,0,0,0,0,0,2,0,0,1,71.95,0.0,1
1,0,1,0,42,0,1,0,0,0,0,0,0,0,1,0,3,41.46,1773.89,0
0,0,0,0,43,1,2,0,0,0,0,0,0,0,1,1,1,58.92,2512.67,0
0,0,0,0,10,1,0,0,0,2,0,0,2,0,2,1,2,71.89,714.76,0
0,0,1,1,37,1,0,0,0,0,0,0,0,0,0,1,3,54.61,2018.7,1
0,1,1,0,26,1,0,2,1,1,1,1,1,1,0,1,1,23.31,594.79,0
1,0,1,1,65,1,0,0,0,0,0,2,0,0,0,0,1,65.17,4263.38,0
1,1,1,0,8,0,1,1,0,2,0,0,0,0,0,0,2,71.9,603.24,1
0,0,1,1,38,1,0,1,0,2,2,0,2,0,0,1,2,57.65,2165.81,1
0,0,0,0,50,1,2,2,1,1,1,1,1,1,0,0,2,23.88,1200.06,1
0,0,1,0,25,1,2,0,0,0,0,2,0,0,1,1,0,60.15,1521.26,0
1,0,0,1,7,1,2,1,0,0,0,0,0,2,0,0,3,71.24,489.62,1
1,0,0,0,59,1,0,0,0,0,2,0,2,0,0,0,2,63.97,3743.01,0
1,0,0,0,62,1,0,1,2,0,0,0,0,0,1,1,2,77.46,4801.56,0
1,0,0,0,24,1,0,2,1,1,1,1,1,1,2,1,3,25.64,618.16,0
1,0,1,1,21,1,0,1,0,0,0,0,0,2,1,0,3,67.15,1403.99,1
0,0,1,0,14,1,2,1,0,0,0,0,2,0,0,1,0,70.4,990.86,1
1,1,1,0,51,1,2,0,0,0,0,0,0,2,1,0,2,73.91,3758.62,0
1,0,0,0,44,1,2,0,0,2,2,0,2,0,2,0,2,54.59,2417.04,0
0,0,0,0,11,1,2,0,2,0,0,2,2,2,2,1,0,93.1,1050.69,0
1,0,0,1,33,1,0,0,0,0,0,2,2,0,0,1,1,84.66,2800.14,0
0,0,0,0,30,1,0,0,0,2,0,0,2,2,2,0,2,69.24,2062.26,0
1,0,0,0,72,1,0,2,1,1,1,1,1,1,1,0,3,32.53,2360.45,0
0,0,0,0,40,1,2,2,1,1,1,1,1,1,0,0,0,30.95,1215.32,0
0,0,1,1,31,1,0,1,2,0,0,0,0,2,2,0,0,67.62,2095.03,0
1,0,1,0,2,1,2,0,2,0,0,2,0,2,2,1,2,72.37,134.81,1
0,1,1,0,68,1,0,0,2,0,0,2,2,2,0,1,0,83.2,5641.09,0
0,0,0,0,37,1,2,0,2,0,0,0,2,0,2,1,2,77.21,2839.1,0
1,0,0,1,58,1,0,0,0,0,0,0,0,2,0,1,3,80.69,4661.6,0
0,0,1,1,26,1,2,0,0,0,0,2,2,0,2,1,1,78.61,2046.58,0
1,0,0,0,56,1,2,1,0,0,0,2,2,0,0,1,0,86.81,4851.58,1
1,0,0,0,12,1,0,1,0,0,0,0,0,2,0,1,0,63.32,768.67,1
0,1,1,0,60,0,1,1,0,2,2,0,2,2,0,0,2,74.54,4469.37,1
0,0,0,0,69,1,0,1,2,2,0,2,0,0,0,1,3,80.94,5585.08,1
1,0,0,0,56,0,1,1,0,0,0,0,0,2,1,0,3,71.35,3994.74,1
0,0,0,0,28,1,2,1,2,0,0,0,0,2,2,1,3,75.67,2108.1,0
0,0,0,0,13,1,0,1,0,2,2,0,0,0,2,0,3,60.02,770.35,0
1,0,0,0,68,1,0,1,0,0,0,0,0,0,0,1,2,67.36,4570.19,1
1,0,0,0,36,1,0,1,0,0,0,0,0,0,1,0,2,66.78,2416.51,0
0,0,0,1,15,1,0,2,1,1,1,1,1,1,2,0,2,25.53,400.63,0
1,0,1,1,14,1,0,2,1,1,1,1,1,1,0,1,2,26.78,362.35,0
0,0,0,0,18,1,0,1,0,0,0,2,2,0,0,1,2,74.51,1319.83,1
0,0,1,0,61,1,0,2,1,1,1,1,1,1,1,1,0,29.85,1808.34,0
1,0,0,1,42,1,0,1,0,0,0,2,0,0,0,0,2,82.49,3467.23,1
0,0,0,0,43,1,0,1,0,2,0,0,0,0,0,0,2,51.2,2216.9,1
0,0,0,1,42,0,1,1,0,0,0,2,0,2,2,1,0,76.16,3181.52,1
0,1,1,0,3,1,2,1,0,2,2,0,2,2,0,0,3,65.9,202.13,1
0,0,0,1,38,1,2,0,0,2,2,0,0,0,0,0,0,64.67,2457.33,1
0,1,0,0,12,0,1,1,2,0,0,0,0,0,1,1,1,59.88,730.78,1
1,0,0,0,68,1,0,2,1,1,1,1,1,1,2,1,3,29.02,1956.25,0
0,0,0,0,71,1,0,0,0,0,0,2,2,2,0,0,3,85.06,6038.71,0
0,1,0,1,34,0,1,0,0,2,2,0,2,2,2,0,1,81.28,2757.57,0
0,0,1,1,69,1,2,2,1,1,1,1,1,1,2,0,0,29.64,2055.21,0
1,0,1,0,21,1,2,0,0,2,0,2,0,2,0,0,1,53.9,1112.88,0
0,0,0,0,20,1,0,1,2,0,2,2,2,0,2,1,1,84.01,1680.14,0
1,0,0,1,22,1,0,0,2,2,0,0,0,2,2,0,0,91.12,2014.43,0
0,0,0,0,50,1,0,2,1,1,1,1,1,1,0,0,0,30.75,1558.66,0
0,0,0,0,16,1,0,0,0,2,0,2,0,0,1,1,3,69.44,1115.14,0
0,0,0,1,42,1,2,1,0,0,0,2,2,0,1,1,0,63.37,2657.74,0
1,0,0,0,44,1,0,0,2,0,0,0,0,0,0,1,3,69.33,3058.13,0
1,0,1,0,1,1,2,0,0,0,0,0,2,0,0,1,1,63.53,75.38,1
0,0,1,0,67,1,0,1,0,2,2,0,0,2,0,1,3,78.18,5245.83,1
1,0,1,1,25,1,0,2,1,1,1,1,1,1,1,0,1,27.97,717.51,0
1,1,1,0,8,1,0,2,1,1,1,1,1,1,2,1,3,28.6,223.77,0
0,0,0,1,7,1,0,0,0,2,0,0,0,0,0,1,3,76.69,522.59,0
1,0,0,0,59,0,1,0,0,0,0,0,0,2,0,0,0,61.45,3610.77,0
1,0,0,0,29,1,0,0,0,0,0,0,0,2,0,0,2,88.61,2575.12,1
0,0,1,0,41,1,0,1,0,2,0,0,2,2,1,0,2,78.7,3227.63,1
0,0,0,0,67,1,2,1,2,0,0,0,0,0,0,1,0,48.97,3275.7,0
1,0,1,0,66,1,0,0,0,0,2,0,2,2,0,1,1,103.47,6845.23,0
0,0,1,1,64,1,0,1,0,0,2,0,0,0,2,0,1,51.38,3291.8,0
0,0,0,0,31,1,2,0,0,0,2,2,0,2,0,1,2,71.43,2221.75,1
0,1,1,0,11,1,0,2,1,1,1,1,1,1,2,1,2,28.25,306.34,0
0,0,0,0,54,1,0,2,1,1,1,1,1,1,1,1,1,26.49,1423.51,0
1,0,0,0,14,1,2,1,0,2,2,0,2,2,2,1,2,73.37,1017.17,1
0,0,0,1,12,1,0,0,0,2,0,0,2,0,0,1,2,79.92,955.91,1
0,0,0,0,8,1,0,1,0,0,2,0,2,0,0,0,2,63.27,496.41,1
1,0,0,1,39,1,2,2,1,1,1,1,1,1,0,1,2,32.03,1244.33,0
0,0,0,0,24,1,2,0,2,2,0,0,2,0,0,1,3,82.63,1981.89,0
0,0,1,1,54,1,2,2,1,1,1,1,1,1,2,1,2,30.31,1634.37,0
1,0,0,0,61,1,2,1,0,2,0,0,0,2,0,1,1,74.29,4553.83,1
0,0,1,0,34,1,2,2,1,1,1,1,1,1,0,1,1,30.24,1041.38,0
0,0,0,1,67,1,0,0,0,0,0,2,0,0,0,0,2,54.96,3668.23,0
0,0,1,1,33,1,2,1,0,2,0,0,0,0,0,0,1,82.51,2706.85,1
1,1,0,0,37,0,1,2,1,1,1,1,1,1,0,0,3,18.25,683.51,0
1,1,0,0,27,1,0,1,2,0,2,0,0,0,0,1,1,67.4,1818.82,1
0,1,1,0,56,1,2,1,2,2,0,2,0,0,0,0,3,75.88,4216.19,0
0,0,1,0,5,1,2,2,1,1,1,1,1,1,2,1,0,27.44,169.65,0
1,0,0,1,54,1,2,0,0,2,0,0,0,0,2,1,1,55.99,2998.49,0
0,0,1,1,58,1,0,2,1,1,1,1,1,1,0,1,2,32.13,1872.82,0
1,0,0,0,18,1,2,2,1,1,1,1,1,1,0,1,3,26.4,462.97,0
1,1,0,1,40,1,0,0,0,0,0,0,0,0,2,1,3,74.49,2957.23,0
1,1,0,0,35,1,0,0,0,0,2,0,2,2,2,1,2,68.65,2396.66,0
1,0,1,0,20,1,2,0,2,2,0,2,0,2,1,1,0,86.57,1721.0,0
0,0,0,0,55,1,2,2,1,1,1,1,1,1,2,0,3,28.79,1563.61,0
0,0,0,0,45,1,0,0,0,2,0,0,0,2,2,0,1,77.11,3470.34,0
0,0,1,0,8,1,0,1,2,0,2,2,2,2,0,0,1,94.46,748.81,1
1,0,1,1,50,1,2,1,0,2,0,0,0,0,0,1,0,59.96,3033.68,0
1,0,0,1,54,1,0,1,0,0,0,2,0,0,0,1,3,79.91,4313.76,0
1,1,0,1,63,1,0,0,2,0,0,0,0,2,0,0,0,69.28,4354.78,0
0,0,1,1,13,1,2,0,2,0,0,0,2,0,0,0,3,66.55,838.93,1
0,0,1,1,54,1,2,0,2,0,2,2,2,2,1,1,2,96.3,5223.52,0
0,1,0,0,66,1,0,1,0,0,0,0,2,0,0,0,2,72.07,4769.16,0
1,0,0,1,6,1,0,0,0,2,0,0,2,0,1,1,2,67.41,406.95,1
1,0,1,0,10,1,0,2,1,1,1,1,1,1,1,0,2,30.84,300.26,0
0,0,1,0,65,1,2,0,2,2,2,0,0,2,1,0,1,89.5,5826.37,0
0,0,0,1,39,1,0,2,1,1,1,1,1,1,2,1,3,31.1,1245.33,0
1,0,1,0,7,1,0,1,0,0,2,0,0,0,2,1,3,59.48,405.39,0
1,0,1,0,51,1,0,1,0,2,0,0,2,0,0,1,0,71.66,3666.22,1
1,0,0,0,3,1,2,1,2,0,0,0,2,2,2,0,3,82.11,249.7,0
1,0,0,0,35,1,0,2,1,1,1,1,1,1,1,1,0,32.29,1131.8,0
0,0,0,0,27,1,0,0,0,0,0,0,0,0,1,1,0,60.48,1637.92,1
1,0,1,1,30,1,2,0,0,2,0,0,0,2,0,0,0,91.18,2754.7,1
1,0,0,0,26,1,2,0,0,0,2,0,0,2,0,0,2,78.69,2035.87,1
0,0,0,0,63,1,2,1,0,2,0,0,0,2,2,0,1,94.52,5981.17,0
0,0,1,0,15,1,2,0,2,0,2,0,2,0,0,0,2,61.54,950.55,1
1,0,1,0,18,1,2,1,0,2,0,0,0,0,2,1,1,69.95,1268.08,1
0,0,1,0,3,0,1,1,2,2,0,0,0,0,1,0,2,59.84,149.31,1
0,0,0,0,16,1,2,2,1,1,1,1,1,1,0,0,3,29.32,461.27,1
0,0,0,0,15,1,2,1,2,0,0,0,0,0,0,0,2,70.81,1070.42,1
1,1,1,0,20,0,1,2,1,1,1,1,1,1,1,1,3,18.25,351.82,0
0,0,0,1,20,1,0,1,2,0,2,2,0,2,1,1,3,68.44,1361.44,1
0,0,0,0,64,1,0,1,0,2,2,2,0,2,0,1,0,79.31,5061.33,1
0,1,0,0,50,0,1,0,0,0,0,0,0,0,0,1,0,55.85,2812.63,1
1,0,0,0,5,1,2,1,0,2,0,0,0,0,0,0,2,68.3,349.64,0
0,0,1,0,4,1,2,2,1,1,1,1,1,1,1,1,2,24.27,85.15,1
0,0,1,0,45,1,2,0,2,2,0,0,0,0,1,1,3,53.43,2395.52,0
0,0,1,1,56,1,2,1,2,0,2,2,2,0,0,0,2,64.24,3612.32,0
1,1,0,0,28,1,0,1,2,0,0,0,0,0,2,1,1,83.17,2344.22,0
0,1,0,0,19,1,0,2,1,1,1,1,1,1,1,0,2,32.52,627.43,1
1,0,1,0,63,1,0,1,0,2,0,0,2,0,2,1,2,75.93,4766.69,0
0,0,1,0,7,1,0,2,1,1,1,1,1,1,0,0,3,31.71,209.77,0
0,0,1,0,19,1,0,0,0,2,0,0,0,0,0,1,3,75.31,1429.5,1
1,0,1,0,62,1,0,1,2,0,0,0,2,0,0,1,2,77.51,4806.84,0
0,1,0,1,1,1,2,2,1,1,1,1,1,1,0,0,2,32.04,37.05,1
1,0,0,1,56,1,2,2,1,1,1,1,1,1,1,1,1,31.86,1791.99,0
0,1,1,1,69,1,0,2,1,1,1,1,1,1,0,0,0,28.01,1925.27,0
1,0,0,0,69,1,0,1,0,0,0,2,0,2,1,0,2,75.98,5229.42,0
1,0,0,0,27,0,1,2,1,1,1,1,1,1,0,1,2,18.25,481.74,1
0,1,0,1,45,0,1,0,0,2,0,0,2,0,1,1,2,57.78,2603.77,1
1,0,1,0,45,1,2,2,1,1,1,1,1,1,1,1,2,26.09,1206.15,0
0,0,1,1,48,1,0,0,0,0,0,0,0,0,0,1,0,65.12,3123.03,0
0,0,1,0,66,0,1,2,1,1,1,1,1,1,0,1,2,18.25,1189.86,0
1,0,0,0,64,1,0,1,2,0,0,0,2,2,2,0,2,100.14,6410.75,0
1,0,0,0,16,1,0,1,0,2,0,0,2,0,1,1,2,74.03,1179.96,1
0,0,0,1,62,1,0,1,0,0,0,0,2,2,2,0,2,95.72,5924.3,0
0,0,1,0,3,1,2,1,0,2,2,0,0,0,2,1,2,72.18,213.67,1
0,0,1,0,21,1,0,0,2,0,2,0,0,0,0,0,2,62.13,1288.03,0
0,0,0,1,37,1,0,0,0,0,0,2,2,0,1,0,3,85.61,3180.32,0
1,0,0,0,41,0,1,2,1,1,1,1,1,1,0,0,2,18.25,769.52,1
1,0,1,1,29,1,0,0,0,0,0,0,0,2,0,1,0,77.37,2240.36,1
0,1,0,0,50,1,2,0,0,0,0,0,2,0,0,1,1,73.95,3708.98,0
0,1,0,0,68,1,2,0,0,2,0,0,2,2,2,1,2,83.0,5613.06,0
0,0,0,0,53,1,2,2,1,1,1,1,1,1,2,1,3,23.85,1257.27,0
1,0,0,0,3,1,0,0,0,0,0,0,2,2,0,0,3,96.38,278.56,1
0,0,1,0,49,1,0,0,0,0,0,2,0,0,2,1,1,69.53,3410.52,0
1,0,0,1,20,1,0,1,0,0,0,2,2,2,0,1,1,68.73,1388.2,1
1,0,1,0,59,0,1,0,0,0,0,2,0,2,1,1,2,51.06,3043.81,0
1,0,1,1,59,1,0,2,1,1,1,1,1,1,0,1,2,32.68,1931.61,0
1,0,0,0,34,1,2,1,2,0,0,0,2,2,1,1,2,96.0,3271.23,1
0,0,1,1,20,1,0,1,0,0,0,2,2,0,1,0,3,68.76,1375.14,0
0,1,1,0,69,0,1,1,0,2,0,0,2,2,0,0,0,64.29,4426.07,0
0,0,0,1,15,1,0,0,2,0,0,0,2,0,2,1,1,71.99,1084.53,0
1,0,1,1,52,1,0,1,0,0,0,2,2,0,2,1,0,55.17,2876.25,0
1,1,0,0,36,1,2,2,1,1,1,1,1,1,0,1,1,23.89,853.8,0
0,1,1,0,67,1,2,2,1,1,1,1,1,1,2,1,1,23.91,1586.96,0
0,0,0,0,22,0,1,0,2,2,2,0,2,0,1,0,2,52.06,1148.36,0
1,0,0,1,11,1,0,2,1,1,1,1,1,1,1,1,0,25.43,288.56,0
0,0,0,0,26,0,1,1,0,0,0,0,2,2,0,0,2,92.64,2415.88,1
1,0,1,0,41,1,2,1,2,0,0,0,2,2,2,1,2,73.65,3023.09,0
0,1,0,0,19,0,1,1,0,0,0,2,0,2,0,1,0,55.67,1084.04,1
0,0,0,1,53,1,0,2,1,1,1,1,1,1,1,0,2,32.67,1738.7,0
0,0,1,1,45,1,2,2,1,1,1,1,1,1,0,0,2,31.15,1427.4,0
1,0,0,0,52,1,2,0,0,0,0,2,2,2,0,0,3,88.68,4632.23,1
1,0,0,0,30,0,1,0,0,2,2,0,0,2,2,0,1,55.64,1658.81,1
0,0,0,1,12,1,0,2,1,1,1,1,1,1,2,1,3,33.16,382.85,0
0,0,1,0,15,1,2,0,0,0,0,2,0,0,2,1,3,50.48,747.0,0
1,0,0,0,32,1,0,0,2,0,0,0,2,2,2,0,1,90.17,2863.33,0
0,0,1,0,32,1,0,2,1,1,1,1,1,1,2,1,3,25.3,811.35,0
0,0,1,0,60,1,0,1,2,2,0,0,0,2,0,1,1,82.1,4923.81,0
1,0,1,1,2,1,2,1,2,0,2,2,0,0,0,1,0,70.71,144.66,0
0,1,1,1,57,1,0,1,0,0,0,0,0,2,0,0,3,70.64,4010.55,1
1,1,1,0,8,0,1,1,0,0,0,0,2,0,0,0,2,69.07,589.32,1
1,0,1,0,54,1,2,1,2,2,0,0,0,2,1,1,1,81.42,4380.32,0
1,1,0,0,71,1,0,0,0,0,0,0,2,2,0,1,0,79.62,5666.58,1
0,1,1,0,71,1,0,1,2,0,2,0,2,2,0,1,3,75.97,5398.99,1
1,1,0,1,46,1,0,2,1,1,1,1,1,1,0,1,2,28.98,1358.7,0
1,0,1,1,32,1,2,1,0,0,0,0,0,2,0,0,2,93.36,2990.27,1
1,0,1,1,9,1,2,1,0,0,2,2,0,0,2,0,3,61.45,559.43,0
0,1,0,0,60,0,1,0,0,0,0,0,2,2,0,1,2,62.16,3736.68,1
1,0,1,0,14,1,0,0,2,0,2,0,0,0,1,1,3,53.54,768.43,0
1,0,1,0,11,0,1,1,0,0,0,0,2,0,2,0,2,63.1,704.43,0
1,0,1,0,8,1,2,1,0,0,0,0,0,0,0,1,1,56.45,460.46,1
1,1,1,0,2,1,2,1,0,2,2,0,0,0,0,1,1,46.17,136.11,1
0,0,1,0,23,0,1,1,0,2,0,0,0,0,0,1,0,43.14,988.62,0
0,0,1,1,50,1,0,1,0,0,2,2,0,2,0,0,3,74.16,3722.33,1
0,1,1,0,62,1,0,2,1,1,1,1,1,1,0,1,2,27.77,1723.57,0
0,0,0,1,9,1,0,1,0,0,2,0,2,2,2,1,3,59.08,544.53,0
0,1,1,0,60,1,0,1,2,0,0,0,0,0,2,1,1,60.04,3621.05,0
0,0,1,0,55,1,2,2,1,1,1,1,1,1,0,0,3,25.95,1402.61,0
1,0,0,0,49,1,0,1,0,0,2,2,2,0,0,1,0,59.61,2949.03,0
1,1,0,0,31,1,0,1,0,0,0,0,0,0,2,1,1,82.8,2549.28,1
0,0,1,0,4,0,1,0,0,0,0,0,0,0,0,0,3,68.61,286.42,0
1,0,1,1,24,1,0,1,0,0,0,0,0,0,1,1,2,60.34,1433.16,0
0,0,1,0,43,0,1,1,0,0,0,0,2,2,1,0,2,69.3,2976.28,0
1,0,0,0,7,1,2,1,2,0,0,2,0,2,1,1,2,79.1,573.03,1
0,0,0,0,36,1,2,0,0,2,0,0,2,0,0,1,3,68.62,2473.96,0
1,0,0,1,65,1,0,2,1,1,1,1,1,1,0,0,3,26.11,1709.28,0
0,0,1,0,58,1,2,1,2,2,2,0,0,2,0,1,1,77.4,4493.51,0
0,1,0,0,17,1,2,1,0,0,0,0,0,0,0,0,0,75.29,1276.4,1
1,0,1,0,7,1,0,2,1,1,1,1,1,1,0,0,2,30.25,194.62,1
0,0,1,0,30,1,0,0,2,0,0,2,0,0,1,1,2,52.9,1609.82,0
0,0,0,0,28,1,2,2,1,1,1,1,1,1,0,0,0,30.1,847.03,0
1,1,0,0,25,1,2,2,1,1,1,1,1,1,0,0,3,24.99,641.45,0
1,1,0,0,38,1,0,1,0,0,0,0,0,2,0,1,3,88.47,3378.87,1
1,0,0,1,14,1,2,0,0,0,2,0,2,0,0,1,2,72.0,1014.74,1
1,0,1,0,35,1,0,1,2,0,0,2,0,0,2,0,2,78.55,2743.94,0
0,0,1,0,8,1,0,0,2,0,0,2,0,2,2,0,2,81.05,632.38,0
0,0,0,0,23,0,1,0,0,2,0,0,2,2,2,1,2,64.98,1501.18,0
1,0,0,1,19,1,2,2,1,1,1,1,1,1,2,0,3,29.89,578.41,0
0,0,0,0,47,0,1,1,0,2,0,2,0,0,2,1,2,54.59,2575.57,1
0,0,1,0,29,1,0,2,1,1,1,1,1,1,1,1,3,25.15,743.98,0
0,0,0,0,5,0,1,0,0,2,0,0,0,0,1,1,1,62.13,305.24,0
1,0,0,0,9,1,0,1,2,0,0,2,0,2,2,0,2,63.01,590.89,1
0,0,0,0,62,0,1,0,0,2,2,2,0,2,2,0,3,60.66,3750.39,0
0,0,1,0,44,1,0,2,1,1,1,1,1,1,2,0,2,24.9,1075.92,0
1,0,1,0,54,1,2,0,0,0,2,0,2,0,2,0,2,67.01,3616.42,0
0,0,0,0,13,1,2,2,1,1,1,1,1,1,0,0,2,26.48,341.74,0
0,0,0,1,47,1,2,0,2,2,0,0,2,0,2,1,0,70.3,3280.88,0
0,1,1,0,53,0,1,1,0,0,2,2,0,2,0,0,2,69.33,3658.47,1
0,0,0,1,33,1,0,1,0,0,0,0,0,0,0,0,0,58.15,1901.77,1
1,0,1,0,53,1,0,1,0,2,0,2,0,2,0,1,3,94.75,5015.82,1
0,0,0,0,71,1,0,0,2,2,0,0,0,2,0,1,2,71.16,5045.92,0
0,0,0,0,18,1,0,1,0,2,2,0,0,0,0,0,2,54.95,1006.58,1
1,0,0,1,1,1,2,1,2,0,0,0,0,0,2,1,0,52.15,52.69,0
0,0,1,0,36,1,2,0,0,2,0,0,0,2,2,0,3,75.02,2714.77,0
1,0,1,0,25,1,0,1,2,0,0,0,2,0,0,0,2,75.04,1884.48,1
1,0,1,0,56,1,2,2,1,1,1,1,1,1,0,0,3,26.31,1471.73,0
0,0,0,0,36,1,0,2,1,1,1,1,1,1,0,1,1,31.74,1137.16,1
1,0,1,0,58,1,0,0,0,0,0,0,2,0,0,0,1,79.85,4657.58,1
1,1,0,1,38,1,0,0,2,0,0,0,2,2,0,0,2,80.6,3041.54,0
0,0,0,0,54,1,0,1,0,0,2,0,2,0,1,1,2,66.99,3641.7,0
1,1,1,1,42,1,2,0,2,0,0,0,2,0,0,0,2,87.88,3704.19,0
0,0,0,0,14,1,2,1,0,2,2,0,0,2,0,0,3,84.15,1161.19,1
1,1,0,0,66,1,2,1,2,0,2,0,0,0,0,0,0,74.36,4912.97,0
1,0,0,0,4,1,0,0,2,2,0,0,0,0,2,0,2,65.77,241.48,0
1,0,1,0,25,0,1,2,1,1,1,1,1,1,0,0,2,18.25,457.7,1
1,0,1,0,14,0,1,1,2,0,0,2,2,0,0,0,1,63.13,916.55,1
1,0,0,0,3,1,2,1,2,0,0,0,2,2,1,1,1,98.07,297.54,1
0,0,1,0,39,1,2,1,0,0,0,0,2,2,0,1,1,68.35,2655.87,1
1,0,1,0,17,1,0,0,0,0,2,2,0,0,1,1,1,71.4,1215.39,0
0,0,1,1,11,1,0,2,1,1,1,1,1,1,0,1,2,26.15,302.37,0
1,0,0,0,52,1,0,2,1,1,1,1,1,1,0,0,2,31.54,1647.87,0
0,0,1,0,45,1,0,0,0,0,0,0,2,2,2,1,0,83.74,3747.68,0
1,0,0,0,20,0,1,0,0,2,0,0,0,0,0,1,3,44.76,910.06,0
0,0,0,0,46,1,2,1,2,2,0,2,2,2,2,1,3,73.24,3382.09,0
0,0,0,0,19,1,0,1,0,2,0,0,0,0,2,1,0,63.0,1191.18,1
1,1,0,0,1,1,0,1,0,0,0,2,0,0,0,1,0,61.22,56.39,1
0,0,1,1,41,1,0,0,2,0,0,0,0,0,1,1,3,80.74,3303.16,0
1,0,1,0,46,1,2,0,0,0,0,0,2,2,0,0,2,92.53,4286.56,0
1,0,0,0,54,1,2,2,1,1,1,1,1,1,0,1,1,24.61,1313.56,0
1,0,0,0,44,1,2,1,0,0,0,2,0,0,0,0,2,71.7,3121.39,1
0,0,0,0,8,1,2,1,2,0,0,2,0,2,0,0,0,80.28,638.91,1
1,1,1,1,67,0,1,0,0,0,2,2,0,0,2,0,3,67.39,4530.27,0
0,1,0,0,26,1,2,2,1,1,1,1,1,1,0,0,3,31.35,850.3,1
1,0,0,0,5,1,0,2,1,1,1,1,1,1,0,1,1,27.79,127.72,0
0,0,1,0,66,1,0,1,0,0,0,0,2,0,0,1,2,87.62,5802.09,1
0,0,1,1,31,1,0,1,2,2,2,0,2,0,0,1,0,63.93,1974.27,1
1,0,0,0,34,1,0,2,1,1,1,1,1,1,0,1,3,28.7,985.74,0
1,0,0,0,7,1,0,1,0,0,2,0,0,2,2,0,1,61.6,447.12,1
1,0,1,0,48,1,2,1,0,0,0,2,0,0,1,0,0,50.14,2412.48,0
0,0,1,1,0,1,0,2,1,1,1,1,1,1,0,1,3,30.41,0.0,0
0,0,0,1,40,1,0,0,0,2,0,0,2,0,0,1,0,70.2,2829.88,0
0,0,0,1,11,1,0,0,0,2,0,0,2,2,0,0,3,73.42,810.05,1
1,0,0,1,33,1,0,1,0,2,2,0,2,2,0,1,2,93.59,3107.3,1
1,1,0,1,29,1,0,1,0,0,0,2,0,0,0,0,2,50.94,1448.86,0
0,0,0,0,39,1,0,1,0,2,0,2,0,0,0,0,3,63.82,2484.68,1
1,0,1,0,20,1,0,2,1,1,1,1,1,1,1,0,0,31.61,619.1,1
1,1,1,1,60,1,2,0,2,0,2,0,2,0,0,0,3,83.59,5042.4,1
1,0,0,0,43,1,0,0,0,0,0,0,0,2,0,1,1,79.45,3406.34,1
0,0,0,0,29,1,2,1,0,0,0,0,2,0,0,1,2,74.57,2157.15,1
1,0,1,1,26,1,0,1,2,0,0,2,0,2,0,1,2,96.51,2530.89,1
0,0,1,0,46,1,2,0,2,2,2,0,2,0,0,0,3,73.68,3410.88,1
1,0,0,0,70,1,0,0,0,0,0,2,2,2,0,0,2,80.89,5666.33,1
0,0,1,0,72,0,1,0,0,0,0,0,2,0,2,0,2,74.05,5323.02,0
0,0,0,0,18,1,0,1,0,0,2,2,2,0,0,1,0,74.29,1374.5,1
1,0,0,1,23,0,1,1,0,2,2,0,0,2,0,0,3,59.23,1349.6,1
1,0,1,0,22,1,2,0,2,2,0,2,2,2,0,1,1,78.83,1737.51,1
1,0,0,0,13,1,0,0,0,0,0,0,2,2,0,1,1,82.85,1074.53,1
0,0,0,0,7,1,2,0,0,0,0,0,0,0,2,1,1,78.45,561.41,0
1,1,0,0,25,1,0,0,0,0,0,0,2,0,0,0,3,74.89,1869.81,1
1,0,0,0,12,1,0,1,0,2,0,2,2,0,0,1,2,60.7,709.34,1
0,0,0,1,36,1,0,0,2,0,0,0,0,0,0,1,0,61.07,2204.77,1
0,0,0,0,13,0,1,1,0,2,0,0,2,2,0,0,3,57.43,750.68,1
1,0,1,0,72,1,0,2,1,1,1,1,1,1,0,1,3,29.07,2092.15,0
0,0,1,0,40,1,0,2,1,1,1,1,1,1,1,0,2,24.12,984.83,0
1,0,1,1,47,1,2,1,0,2,2,2,2,2,0,1,3,81.97,3851.06,0
1,1,1,0,7,1,0,0,2,0,0,0,0,0,0,0,1,72.01,500.14,1
0,0,1,1,39,1,2,1,2,2,0,0,0,2,0,1,0,75.45,2956.84,0
0,0,0,1,52,1,2,1,0,0,0,2,0,2,2,0,3,77.47,4023.54,0
1,0,0,0,53,1,0,1,0,2,0,2,0,2,2,0,3,70.0,3724.25,0
1,0,0,0,29,1,2,1,0,0,0,0,2,2,1,1,3,88.48,2545.48,1
0,0,1,1,5,0,1,2,1,1,1,1,1,1,2,1,3,18.25,80.86,0
0,0,1,1,14,1,0,2,1,1,1,1,1,1,0,1,2,26.78,391.49,1
0,1,0,0,31,1,0,1,0,2,0,2,2,2,0,0,2,68.79,2129.26,1
0,1,0,0,62,1,0,1,2,0,0,0,0,0,1,0,2,83.55,5176.42,0
0,0,0,0,51,1,0,1,0,2,0,0,0,2,2,0,2,67.13,3431.97,0
1,0,0,0,64,1,2,1,0,0,0,0,2,0,2,1,1,80.06,5154.03,0
1,0,0,0,27,1,2,0,0,0,0,0,2,2,2,0,2,82.33,2221.03,1
0,0,1,0,44,1,0,2,1,1,1,1,1,1,0,0,2,32.37,1426.28,0
0,0,1,0,17,1,0,0,0,0,0,0,0,0,0,1,2,51.5,875.9,1
0,0,1,1,59,1,2,2,1,1,1,1,1,1,0,1,1,24.46,1446.33,0
1,1,0,0,1,1,0,1,0,2,2,2,2,2,2,1,1,86.13,72.76,1
0,0,1,0,3,0,1,1,0,0,2,0,0,2,1,0,2,70.15,221.64,1
0,0,0,0,71,1,2,1,0,2,2,2,0,2,0,1,0,83.5,5946.89,0
0,0,0,1,70,1,0,1,0,0,2,0,2,0,0,1,2,77.07,5352.63,0
0,1,1,1,59,1,2,0,0,2,0,2,2,2,0,0,1,67.64,3970.22,0
1,1,1,0,51,1,0,0,0,0,2,2,2,2,1,1,1,86.93,4434.88,0
0,0,0,0,51,1,2,1,0,0,2,2,2,2,2,0,0,90.33,4582.02,1
1,0,0,0,42,1,2,1,0,0,0,0,0,0,1,0,3,58.3,2445.41,0
1,0,1,0,3,1,0,0,0,0,2,0,0,0,2,1,2,53.05,179.55,0
0,0,1,0,24,1,0,1,2,0,0,0,0,2,0,0,1,73.79,1796.76,0
0,1,0,0,56,1,2,0,0,0,2,0,2,2,2,1,0,88.2,4934.71,0
0,0,0,1,46,1,0,1,0,0,0,0,2,0,0,0,3,66.88,3087.92,1
1,0,0,1,63,1,0,1,2,0,0,0,0,0,1,1,2,66.91,4205.4,0
1,0,1,0,27,1,0,1,0,0,2,0,2,0,2,0,3,74.7,2036.32,0
1,0,0,0,36,1,0,1,2,0,2,0,2,0,0,0,0,69.18,2489.33,1
1,0,1,1,0,1,2,0,2,2,2,0,2,0,1,1,1,84.8,40.69,1
0,0,1,0,10,1,0,0,0,0,2,0,0,2,1,0,2,64.87,653.63,0
0,0,1,0,43,1,0,0,0,0,2,0,2,2,0,1,0,93.27,3996.07,0
0,0,1,1,72,1,0,1,0,2,0,0,2,2,1,1,3,98.84,7093.89,0
1,1,0,0,46,1,0,1,0,0,0,0,2,0,0,1,2,73.76,3406.32,1
1,1,0,0,44,1,2,1,0,0,0,2,2,0,0,0,0,74.88,3291.98,0
1,1,1,1,15,1,2,0,0,0,0,0,2,0,1,1,0,66.77,1034.92,0
0,0,0,0,68,1,2,0,0,0,2,2,2,0,0,1,0,89.85,6095.98,0
0,0,1,0,49,1,0,0,0,0,2,2,2,0,2,0,0,60.79,2970.6,0
0,1,1,1,10,1,2,2,1,1,1,1,1,1,0,1,3,26.78,247.61,1
0,1,1,0,4,1,2,0,2,2,2,0,0,2,1,1,2,90.23,336.64,1
0,0,0,0,21,0,1,1,2,2,2,0,0,0,0,1,0,59.26,1220.03,1
0,0,0,0,62,1,2,0,0,0,0,2,2,0,0,1,2,66.24,4107.21,0
0,0,1,0,11,1,2,0,0,0,0,0,0,0,0,0,2,81.09,862.3,1
0,0,1,1,44,1,2,0,0,0,0,2,2,0,1,1,0,66.3,2919.3,0
0,1,0,0,61,1,0,0,0,0,2,0,0,2,1,1,0,83.47,5100.37,1
0,0,0,0,9,1,2,1,0,0,0,0,2,0,1,1,2,89.61,812.53,0
0,0,1,0,46,1,0,0,0,2,0,2,0,2,0,1,3,86.03,3982.13,0
1,0,0,1,61,1,0,1,0,0,0,0,0,0,2,1,0,64.4,3932.82,0
0,0,1,0,13,1,0,1,0,2,0,0,2,0,0,0,1,85.51,1105.36,1
0,0,1,0,40,1,2,1,2,0,0,0,0,0,0,0,1,82.01,3272.65,1
0,0,0,1,50,1,0,1,2,0,0,0,0,0,0,1,3,57.74,2862.79,1
1,0,0,1,65,1,0,0,0,0,2,0,2,2,0,0,3,97.65,6324.07,1
1,0,1,0,68,1,2,0,2,2,2,0,0,0,0,1,0,84.73,5753.43,0
1,0,1,0,16,1,0,0,2,2,0,0,0,0,2,1,3,50.63,788.54,0
0,0,1,1,12,1,0,0,2,0,2,0,0,2,2,0,0,81.87,1004.66,0
0,1,1,0,27,0,1,0,0,0,0,0,0,0,2,1,2,59.07,1574.91,1
0,0,0,0,25,1,0,1,0,0,0,0,2,0,1,0,2,72.17,1792.31,1
0,0,0,1,2,1,2,2,1,1,1,1,1,1,2,1,3,29.99,70.28,0
1,1,0,0,40,1,2,2,1,1,1,1,1,1,0,1,3,26.36,1045.33,0
1,0,0,0,7,1,2,0,0,0,2,0,0,2,0,1,2,88.75,620.61,1
1,1,1,1,6,1,2,0,0,0,0,0,0,2,0,0,2,60.58,352.77,1
0,0,1,1,45,1,0,1,0,0,0,2,2,0,0,1,2,81.9,3713.53,1
1,0,1,1,66,1,2,2,1,1,1,1,1,1,1,1,2,29.04,1914.94,0
1,0,0,0,35,1,0,1,0,2,0,2,2,0,0,0,0,86.05,3017.22,1
1,0,1,0,33,0,1,2,1,1,1,1,1,1,0,0,2,18.25,609.24,0
0,0,0,0,17,1,2,2,1,1,1,1,1,1,1,1,2,29.45,502.46,0
1,1,0,0,64,1,0,0,0,0,2,0,2,0,2,1,2,75.94,4850.92,0
1,1,0,1,56,1,2,1,0,0,0,0,2,2,0,1,2,96.0,5383.36,1
1,0,0,0,32,1,0,2,1,1,1,1,1,1,0,0,1,31.32,966.17,1
0,0,1,0,2,1,0,0,0,0,0,0,2,2,0,1,2,67.85,142.46,1
1,0,1,1,69,0,1,1,0,2,2,0,2,2,1,1,0,58.67,4060.13,0
0,0,1,0,27,1,2,0,0,2,0,0,2,2,1,1,0,69.3,1874.11,0
1,0,1,0,15,1,0,1,2,0,2,0,2,2,0,1,0,97.03,1469.36,1
0,0,0,0,26,1,0,0,2,0,0,0,2,2,0,1,1,100.06,2595.31,0
1,0,1,0,33,1,2,1,0,2,0,0,0,0,0,1,3,67.21,2202.76,1
0,1,1,1,43,1,2,0,0,0,2,2,0,2,2,0,0,57.94,2499.26,0
0,0,0,1,19,1,2,0,0,2,0,2,0,0,0,0,2,52.59,988.67,0
1,0,1,1,17,0,1,0,0,2,2,2,0,2,0,0,2,64.06,1075.73,1
1,0,1,0,67,0,1,0,0,2,0,0,0,0,1,1,0,38.8,2597.95,0
1,0,0,0,20,1,0,0,0,2,2,0,0,0,0,0,2,56.04,1131.46,1
0,0,1,1,25,1,2,0,0,0,0,0,2,0,1,1,2,79.07,1989.56,0
1,0,1,0,1,1,0,2,1,1,1,1,1,1,0,0,2,24.56,30.7,1
1,0,1,0,55,0,1,0,2,2,0,0,0,0,0,1,3,72.71,4034.66,0
0,0,0,0,47,1,2,0,2,0,0,0,0,0,1,0,3,72.39,3399.17,0
1,0,1,0,10,1,0,2,1,1,1,1,1,1,0,0,0,29.61,305.45,1
0,0,0,0,9,1,2,0,2,0,0,2,2,0,1,1,1,91.38,814.91,0
0,0,0,0,31,1,0,0,0,2,0,0,2,0,0,0,3,59.7,1868.32,1
0,0,1,1,36,0,1,1,0,2,0,2,2,2,0,0,0,90.45,3253.76,1
1,0,0,0,48,1,2,2,1,1,1,1,1,1,1,1,3,23.48,1115.07,0
0,0,0,0,68,1,0,0,0,2,0,2,0,0,2,1,3,70.5,4812.53,0
0,0,0,1,16,1,0,1,0,0,2,0,0,2,1,1,3,86.37,1376.93,0
0,0,1,1,41,1,2,0,2,0,0,2,0,0,0,0,2,64.29,2623.12,0
1,1,1,0,60,1,0,1,0,0,0,0,0,0,1,1,0,57.07,3441.81,0
1,0,0,0,17,1,0,0,2,2,2,0,0,0,1,0,0,64.27,1089.3,0
0,0,0,0,44,1,0,1,0,0,0,0,2,0,2,1,0,88.97,3906.43,1
1,1,1,0,32,1,0,0,0,0,0,0,2,0,1,1,1,62.17,1978.81,0
0,0,0,0,62,1,2,2,1,1,1,1,1,1,2,0,0,25.2,1566.06,0
0,1,0,1,8,1,0,0,0,2,0,0,0,2,0,1,2,76.41,614.68,1
0,0,1,0,11,1,0,1,0,2,2,2,0,0,0,0,1,66.76,749.43,0
1,0,1,1,48,1,0,2,1,1,1,1,1,1,0,1,1,32.24,1577.01,0
1,0,0,1,70,1,0,1,2,0,0,2,0,0,1,1,0,49.39,3438.72,0
0,1,0,0,33,1,0,0,2,2,2,0,0,2,2,1,1,90.09,2966.73,1
0,0,0,0,30,1,2,0,0,0,0,0,0,2,0,0,2,54.57,1637.88,1
1,0,1,0,7,1,0,1,2,2,2,0,2,2,0,0,3,78.97,543.61,1
0,0,1,0,12,1,2,1,2,0,0,0,2,2,0,1,3,71.42,856.72,1
1,0,1,0,12,1,2,1,0,0,0,2,2,2,2,1,1,80.13,960.2,0
0,0,0,1,44,1,2,1,0,0,0,0,2,2,0,1,3,84.29,3705.45,1
1,1,1,0,53,0,1,0,0,0,0,0,2,0,1,1,0,57.7,3064.31,0
1,0,0,1,55,1,2,1,0,0,0,2,2,0,1,1,0,81.42,4466.8,0
0,0,1,1,45,1,2,0,0,2,0,2,0,0,0,1,2,81.69,3688.83,0
0,0,1,0,48,1,0,1,0,0,0,0,2,2,0,0,3,68.84,3295.19,0
0,0,1,1,53,1,0,0,2,0,2,2,0,2,0,0,3,77.38,4106.54,1
1,0,1,0,13,1,0,1,0,2,0,2,0,0,1,1,0,57.42,756.44,0
1,0,1,0,22,1,0,0,0,2,0,2,0,2,1,1,3,86.68,1884.74,1
0,0,0,0,60,1,2,1,2,0,2,2,0,0,0,1,2,51.36,3045.71,0
0,1,1,0,50,1,2,1,2,2,2,0,0,0,0,1,3,62.87,3151.03,1
1,0,0,0,59,1,2,0,0,2,2,0,0,2,0,1,2,61.77,3649.91,1
0,0,1,0,32,1,0,2,1,1,1,1,1,1,2,0,3,23.93,767.13,0
0,1,0,0,49,1,0,1,0,0,0,0,2,0,0,0,3,84.64,4171.64,1
1,0,1,1,30,1,0,0,2,0,0,0,0,2,2,1,2,60.98,1820.3,0
0,0,0,0,58,1,2,1,0,0,2,0,2,0,2,0,0,86.22,4997.34,0
1,0,1,0,61,0,1,1,0,0,0,0,0,0,1,0,2,67.0,4098.86,1
1,0,0,0,39,0,1,1,0,0,2,0,0,0,0,1,1,60.44,2343.09,1
1,0,0,0,22,1,0,1,0,0,2,0,0,2,1,1,2,68.61,1510.19,0
1,0,1,0,5,0,1,1,2,2,0,0,2,2,2,1,3,86.13,423.42,0
1,0,1,1,16,1,0,0,2,2,0,0,2,0,1,0,1,76.62,1255.37,1
0,0,1,0,43,1,2,1,0,0,0,0,0,0,0,0,3,58.41,2519.63,1
1,0,1,1,20,1,2,0,0,0,2,0,0,0,0,0,2,86.13,1715.43,0
1,0,0,0,20,1,2,1,2,0,0,2,0,2,0,1,2,79.46,1603.49,1
1,1,1,0,58,0,1,2,1,1,1,1,1,1,0,1,0,18.25,1059.48,0
0,0,1,1,5,0,1,1,2,0,2,0,2,2,2,1,1,82.38,421.25,0
0,0,0,0,59,1,0,2,1,1,1,1,1,1,0,1,3,26.0,1541.82,0
1,1,1,0,68,1,0,2,1,1,1,1,1,1,0,1,2,26.19,1798.97,0
0,0,1,0,17,1,0,0,0,2,0,0,0,0,0,1,0,86.69,1474.38,0
1,0,1,0,27,1,2,0,0,2,0,0,2,0,2,0,1,64.92,1770.3,0
1,0,0,0,32,1,0,0,0,2,0,0,0,0,1,1,3,67.57,2167.58,0
0,0,0,1,0,1,0,2,1,1,1,1,1,1,2,1,3,31.93,2.12,0
1,0,1,1,25,1,0,0,0,0,0,0,0,0,0,1,1,65.55,1655.62,0
1,0,1,0,57,1,0,2,1,1,1,1,1,1,2,1,2,29.7,1659.3,0
0,0,0,0,13,1,0,0,0,0,2,0,0,2,1,1,1,88.42,1165.06,1
1,0,1,0,53,1,2,1,2,0,0,0,2,2,2,0,3,69.62,3697.37,1
1,0,0,0,23,1,0,2,1,1,1,1,1,1,0,0,2,30.58,709.45,0
0,0,0,1,28,1,2,1,0,2,2,0,2,0,0,0,0,85.77,2406.08,1
0,0,0,0,3,1,2,1,0,2,0,0,0,0,2,1,2,58.35,178.69,1
0,0,1,0,65,1,2,0,2,0,2,2,0,2,2,0,3,88.56,5735.35,0
0,0,0,1,25,1,2,1,0,2,2,2,2,2,1,1,2,82.1,2043.55,1
0,0,0,0,13,1,2,2,1,1,1,1,1,1,0,1,1,32.13,434.76,1
0,1,1,1,42,1,0,1,2,2,0,0,0,0,0,0,2,59.98,2526.49,1
0,0,0,0,15,1,0,1,0,2,0,0,2,0,0,0,0,65.82,973.84,1
1,0,0,1,27,1,2,2,1,1,1,1,1,1,2,1,0,32.05,877.98,0
1,0,1,0,6,1,2,0,0,2,0,0,0,2,0,1,3,85.65,496.04,0
1,0,1,0,28,0,1,0,0,0,2,0,0,0,2,0,2,65.63,1805.15,0
1,0,0,0,17,1,0,0,0,0,0,0,0,2,0,1,2,89.21,1544.47,1
0,0,0,0,66,1,2,2,1,1,1,1,1,1,2,1,2,26.24,1714.63,0
1,0,1,1,40,1,0,0,0,0,0,0,0,0,2,0,2,68.94,2758.43,0
0,0,0,0,11,1,0,1,2,0,2,2,0,2,2,0,2,92.38,1019.11,0
0,0,0,0,71,0,1,2,1,1,1,1,1,1,0,0,3,18.25,1267.49,0
1,0,0,0,29,1,2,0,0,0,2,0,2,2,2,1,3,75.27,2186.71,1
0,0,1,0,56,1,2,0,0,2,0,0,0,2,0,0,1,70.33,3939.24,1
1,0,0,0,63,1,0,2,1,1,1,1,1,1,0,1,3,29.26,1855.39,0
0,0,1,0,55,1,0,0,0,0,2,2,2,0,0,1,0,62.79,3466.5,0
0,0,0,0,44,1,0,1,0,2,0,0,2,0,0,1,0,64.84,2825.38,1
0,0,1,0,40,1,2,1,2,0,2,0,0,0,0,1,2,61.73,2506.13,1
0,0,1,1,29,1,2,2,1,1,1,1,1,1,0,1,3,27.39,817.49,0
1,0,0,0,36,1,2,1,0,0,2,0,2,0,2,1,2,85.16,3065.6,1
1,0,1,0,22,1,2,0,2,2,0,0,0,0,2,1,3,74.97,1650.79,0
0,0,0,0,15,1,2,2,1,1,1,1,1,1,0,1,2,26.15,385.58,0
0,0,0,1,26,1,0,0,0,0,0,0,0,0,2,1,3,56.04,1433.59,0
1,0,0,0,29,1,0,1,0,2,2,0,0,0,0,0,2,75.59,2173.88,1
1,0,1,0,17,1,0,2,1,1,1,1,1,1,1,1,3,29.18,514.78,1
1,0,0,1,31,1,0,1,0,2,0,2,0,0,1,1,3,62.29,1939.7,0
0,0,0,0,64,1,0,2,1,1,1,1,1,1,0,1,1,30.25,1906.31,0
1,0,0,0,50,1,0,2,1,1,1,1,1,1,0,1,0,24.28,1229.16,0
1,0,1,1,42,1,0,1,0,0,0,2,2,0,0,1,2,87.75,3675.35,0
0,0,0,0,22,1,2,1,2,2,0,0,2,2,1,1,1,73.28,1637.21,1
1,1,0,1,21,1,0,0,0,2,0,2,2,2,1,0,2,99.72,2098.54,0
1,0,0,0,54,1,2,1,0,0,0,2,0,2,0,1,0,81.88,4411.99,0
1,0,0,0,67,1,0,1,0,2,2,0,0,0,0,1,2,53.09,3581.74,1
0,0,1,0,62,1,0,0,0,2,2,0,0,0,0,0,1,56.12,3471.97,0
1,0,1,0,50,1,0,2,1,1,1,1,1,1,2,1,1,31.93,1596.13,0
0,0,0,0,72,1,2,1,0,0,2,0,0,2,2,1,3,86.96,6246.79,0
1,0,0,1,38,1,2,0,0,0,0,2,0,0,0,1,1,54.43,2094.96,0
1,0,1,0,45,1,0,0,0,0,2,2,2,0,0,1,2,77.39,3470.46,0
1,0,1,0,38,1,0,0,2,0,0,0,2,0,2,0,2,61.98,2364.59,1
1,0,1,0,1,0,1,0,2,0,0,0,0,0,1,0,1,63.11,55.39,0
0,0,1,1,45,1,0,2,1,1,1,1,1,1,1,0,2,31.38,1445.25,0
1,0,1,0,51,1,0,0,0,0,0,2,2,0,1,1,0,87.46,4465.4,0
0,0,0,1,35,1,0,0,0,0,2,0,2,2,1,1,1,66.67,2335.48,1
0,0,0,0,11,1,0,0,0,2,0,2,0,0,0,1,1,74.44,823.41,1
1,0,0,0,4,1,2,1,0,2,0,0,0,2,1,1,2,71.28,275.71,1
1,0,1,0,11,1,0,1,0,0,0,0,0,2,2,1,1,57.21,637.63,0
0,1,0,0,71,0,1,1,2,0,2,0,2,0,0,1,2,73.28,5187.74,0
1,0,1,0,26,1,2,2,1,1,1,1,1,1,0,1,0,26.37,725.79,0
1,0,1,0,19,1,0,1,0,0,0,2,0,0,0,1,2,77.35,1481.66,1
1,0,1,1,20,1,0,0,0,0,2,0,0,0,0,0,3,75.38,1508.41,1
1,0,0,1,49,1,2,0,0,0,0,0,0,0,0,1,0,86.96,4242.04,1
0,0,0,1,31,0,1,2,1,1,1,1,1,1,1,0,3,18.25,611.48,0
1,0,1,1,37,1,2,1,0,0,0,2,2,2,2,1,2,65.71,2416.43,0
1,0,0,0,46,1,0,1,2,0,2,0,0,0,0,1,2,83.51,3840.83,1
1,0,1,1,11,1,2,0,0,0,0,0,0,2,1,1,2,89.94,982.46,1
0,0,0,0,43,1,2,2,1,1,1,1,1,1,0,0,2,28.65,1235.98,1
1,0,0,1,40,1,0,1,0,2,2,0,2,2,2,1,3,90.65,3630.53,0
1,0,0,0,45,1,0,0,0,0,2,0,0,0,2,0,2,82.6,3697.34,0
0,0,1,0,1,1,2,0,2,0,0,2,0,0,1,0,0,59.83,47.36,0
0,1,1,0,66,1,0,2,1,1,1,1,1,1,0,1,3,32.63,2182.47,0
1,0,1,1,9,1,0,2,1,1,1,1,1,1,2,0,2,24.17,202.39,0
0,0,0,1,11,1,2,1,2,0,2,0,0,0,0,1,0,49.14,550.74,1
0,0,1,0,44,1,0,2,1,1,1,1,1,1,0,1,2,29.89,1307.4,0
0,0,0,1,45,1,2,1,0,0,0,0,0,0,0,0,1,81.26,3674.92,1
1,0,0,0,37,1,2,2,1,1,1,1,1,1,0,1,0,29.19,1086.26,1
0,0,1,0,5,1,0,2,1,1,1,1,1,1,0,1,0,27.98,140.48,0
0,0,0,0,1,1,0,1,0,0,0,0,0,2,2,1,3,87.35,60.46,0
1,0,1,0,52,0,1,2,1,1,1,1,1,1,0,1,0,18.25,949.03,0
0,0,1,0,19,1,0,0,0,2,0,2,0,2,0,0,1,93.93,1800.54,1
1,0,0,1,11,1,2,1,0,0,2,2,2,2,2,1,2,78.94,841.51,0
0,1,0,1,58,1,2,1,0,0,2,2,0,2,0,1,3,66.14,3842.85,0
0,1,1,0,39,1,0,2,1,1,1,1,1,1,1,1,2,31.65,1208.28,0
0,1,0,0,61,1,0,0,0,0,0,0,2,0,1,0,0,69.07,4218.79,0
1,1,1,0,0,1,0,2,1,1,1,1,1,1,0,1,2,25.16,0.0,1
0,0,0,1,34,1,0,1,2,0,2,0,0,2,1,1,1,73.2,2468.22,1
0,0,0,1,41,1,2,2,1,1,1,1,1,1,0,0,3,29.44,1201.42,0
1,0,1,0,31,1,0,2,1,1,1,1,1,1,0,1,2,30.34,947.68,0
0,1,1,0,43,1,0,0,2,0,0,0,0,0,0,1,2,60.61,2608.1,1
1,0,0,0,0,1,0,1,0,0,2,0,2,0,2,1,2,86.94,11.7,1
0,1,0,1,46,1,0,1,2,0,0,2,2,2,1,0,1,64.2,2960.7,0
1,0,0,0,42,1,0,2,1,1,1,1,1,1,0,0,2,31.16,1309.05,1
1,1,0,0,58,1,0,2,1,1,1,1,1,1,2,1,1,26.56,1527.35,0
0,0,1,1,65,0,1,1,0,2,0,0,0,0,1,1,0,68.29,4440.24,0
0,0,0,0,23,0,1,1,2,0,0,2,2,2,1,0,2,62.12,1434.53,0
0,0,0,0,15,1,0,1,2,0,0,2,0,2,0,1,0,69.0,1048.95,1
0,0,1,1,37,1,2,0,0,2,0,2,0,0,0,0,3,55.9,2062.58,0
0,1,1,0,60,1,0,0,0,2,0,2,0,0,0,1,0,58.03,3482.76,0
1,1,1,1,15,1,0,1,0,0,2,0,0,0,0,0,2,79.34,1197.23,1
1,0,0,1,22,0,1,1,0,0,2,0,2,0,1,0,2,75.48,1643.78,1
1,1,1,0,26,1,2,0,0,0,2,2,0,2,1,1,2,62.38,1633.98,0
1,0,0,1,17,1,0,1,0,2,0,2,0,2,1,0,1,78.33,1333.83,0
1,0,1,1,44,1,2,1,0,2,0,0,0,0,0,0,0,71.54,3128.63,0
0,0,0,0,65,1,0,1,0,2,0,0,0,0,2,0,1,72.36,4704.94,0
0,1,1,0,48,1,0,0,0,0,0,2,0,2,0,1,2,80.53,3864.59,1
1,0,0,1,51,1,0,1,0,0,0,0,2,0,0,0,2,61.42,3117.25,0
0,0,0,0,55,1,0,2,1,1,1,1,1,1,1,1,2,28.15,1543.2,0
0,0,0,0,30,1,0,0,2,0,0,0,2,2,0,1,2,98.69,2959.21,1
0,0,0,0,25,1,0,0,0,2,0,0,2,2,0,0,1,88.09,2207.97,0
0,1,0,0,33,1,0,1,2,2,2,0,0,2,0,1,0,85.05,2807.09,1
0,0,0,0,59,1,0,1,0,0,0,0,2,0,0,0,3,61.15,3588.35,1
1,0,1,0,65,1,2,2,1,1,1,1,1,1,1,0,2,24.64,1616.45,0
1,0,1,0,70,1,2,0,2,0,2,0,0,0,0,1,0,48.6,3408.65,0
0,0,0,0,25,1,0,1,0,0,0,2,2,2,1,1,0,85.55,2129.8,0
1,0,0,0,19,1,0,0,0,2,0,2,0,0,2,1,0,65.58,1241.5,0
1,0,1,1,15,1,2,1,0,0,2,0,0,0,0,0,2,71.26,1101.28,1
1,0,0,0,44,1,0,2,1,1,1,1,1,1,0,1,2,27.71,1205.48,0
1,0,0,1,44,1,2,1,0,0,0,0,2,0,0,0,3,63.58,2811.05,0
1,0,1,1,7,1,0,1,0,2,2,0,0,0,1,0,2,51.57,373.87,0
0,1,0,1,50,1,0,1,2,0,0,0,2,2,0,1,2,93.05,4646.28,1
0,0,1,0,29,1,2,2,1,1,1,1,1,1,0,1,0,32.66,928.37,0
1,0,1,0,71,1,2,2,1,1,1,1,1,1,2,1,0,25.12,1760.77,0
0,0,0,0,32,1,2,2,1,1,1,1,1,1,1,1,0,23.33,741.0,0
0,0,0,1,58,0,1,1,0,0,0,0,2,2,0,1,2,70.85,4111.66,1
1,0,0,1,59,1,2,1,0,2,0,0,0,2,0,0,0,78.26,4639.7,0
1,0,0,0,40,1,0,0,0,2,0,0,0,2,0,1,2,62.92,2505.64,1
0,0,1,0,70,1,2,2,1,1,1,1,1,1,0,1,2,26.09,1851.9,0
0,0,0,1,5,1,0,1,0,2,0,0,2,0,0,1,0,65.06,303.36,1
0,0,1,1,32,1,0,1,0,0,0,0,0,2,2,1,0,81.11,2582.18,0
0,0,0,0,17,1,0,1,0,2,2,2,2,0,1,0,2,94.54,1579.93,1
0,0,0,1,16,1,2,1,2,2,2,2,0,0,2,0,0,49.69,782.3,0
0,0,0,0,10,1,2,0,0,2,0,2,0,2,1,1,0,83.89,818.41,0
1,1,0,0,69,1,0,1,2,0,0,0,0,2,1,1,0,75.3,5204.96,0
0,0,0,0,15,1,2,1,0,0,0,2,2,2,0,1,3,70.63,1034.18,1
1,0,0,1,0,1,0,2,1,1,1,1,1,1,0,1,3,25.78,7.3,1
1,0,0,0,68,1,0,0,2,2,0,2,0,0,1,0,3,55.09,3738.32,0
1,1,0,1,57,1,0,0,0,2,0,0,0,0,0,0,3,61.78,3533.59,0
1,0,1,0,36,0,1,1,0,2,2,0,0,0,0,1,3,57.11,2053.69,1
1,0,0,0,18,1,0,2,1,1,1,1,1,1,0,0,2,27.41,482.8,0
1,1,0,0,47,1,2,1,0,0,0,2,0,2,1,1,2,85.19,4009.3,0
0,1,0,0,12,1,0,0,0,2,2,0,0,0,0,1,2,68.46,838.68,1
1,0,0,1,37,1,0,0,0,2,0,0,2,0,2,1,2,60.66,2254.2,0
1,0,1,0,2,1,2,1,2,2,0,0,0,2,1,0,1,76.27,128.3,0
0,0,0,0,22,1,0,2,1,1,1,1,1,1,1,1,1,28.66,621.59,0
0,1,1,1,5,1,0,1,0,0,2,0,2,0,0,0,1,77.04,399.36,1
1,0,1,0,46,1,2,1,2,0,2,0,0,0,2,1,3,68.13,3119.33,0
0,0,0,0,0,1,2,0,2,0,0,0,0,0,2,1,1,77.92,14.85,0
0,0,0,1,66,1,0,1,0,2,0,2,2,0,2,1,3,84.44,5570.44,0
0,0,1,0,33,1,0,1,0,2,0,0,0,0,1,0,2,56.23,1851.18,0
0,0,0,0,27,1,2,1,0,0,0,2,0,0,2,0,0,69.39,1871.25,1
1,0,1,1,2,1,2,2,1,1,1,1,1,1,1,1,1,27.6,59.29,0
1,0,0,0,32,1,0,1,0,0,2,2,0,0,0,1,1,56.09,1785.09,1
1,0,0,0,18,1,0,2,1,1,1,1,1,1,2,0,1,29.13,521.58,0
0,0,0,0,68,1,2,0,0,0,0,2,2,0,2,1,3,83.05,5635.69,0
1,0,1,1,48,1,2,1,0,0,0,0,0,2,0,0,0,96.02,4620.14,1
